16,327.5088029,3
1,248.7098693,3
1,1870.651191,3
1,190.2103037,3
1,607.1212066,3
1,1870.651191,3
1,607.1212066,3
1,1870.651191,3
1,607.1212066,3
1,42.19906814,4
1,1869.716333,3
1,607.1212066,3
1,42.19906814,4
1,1870.464219,3
1,607.1212066,3
1,42.19906814,4
1,1870.464219,3
1,607.1212066,3
1,42.19906814,4
2,5.558170997,3
2,5.558170997,3
2,5.558170997,3
2,60.31744878,3
2,5.558170997,3
2,60.34157576,3
2,60.34157576,3
2,60.31744878,3
3,50.46030468,3
3,1116.359527,3
3,26.01461065,5
3,1415.786611,2
3,109.337954,3
3,821.2370005,3
3,50.46030468,3
3,1415.786611,2
3,109.337954,3
3,821.2370005,3
3,50.46030468,3
3,109.337954,3
3,821.2370005,3
3,50.46030468,3
3,821.2370005,3
3,50.46030468,3
3,821.2370005,3
3,55.71241591,5
3,6.929226309,2
3,821.2370005,3
3,55.71241591,5
3,6.929226309,2
3,8.254827319,3
4,271.3383963,4
4,1547.306975,3
4,117.4132704,2
4,4.885574636,4
4,17.31382069,5
4,20.7878354,3
4,271.3383963,4
4,1547.306975,3
4,4.885574636,4
4,17.31382069,5
4,20.7878354,3
4,561.4896256,4
4,271.3383963,4
4,1547.306975,3
4,4.885574636,4
4,17.31382069,5
4,20.7878354,3
4,561.4896256,4
4,814.8181466,3
4,271.3383963,4
4,1547.306975,3
4,4.877283254,4
4,17.3051681,5
4,20.7878354,3
4,561.4896256,4
4,815.1440738,3
4,271.3383963,4
4,1547.306975,3
4,17.31209017,5
4,20.7878354,3
4,79.22945322,5
4,561.4896256,4
4,815.1440738,3
4,271.3383963,4
4,1547.306975,3
4,17.31209017,5
4,20.8501989,3
4,79.59390871,5
4,23.86820835,3
4,561.4896256,4
4,816.2033374,3
4,271.3383963,4
4,17.31209017,5
5,207.116641,5
5,73.59631289,4
5,214.497116,4
5,229.6860583,3
5,8.463200109,3
5,207.1372949,5
5,73.59631289,4
5,214.497116,4
5,229.6403814,3
5,8.463200109,3
5,65.84118452,5
5,13.9367835,3
5,206.5383337,5
5,73.59631289,4
5,214.497116,4
5,229.6403814,3
5,8.463200109,3
5,65.84118452,5
5,13.9367835,3
5,4.929826814,4
5,206.5383337,5
5,73.55953313,4
5,214.1330897,4
5,8.448837086,3
5,65.84118452,5
5,13.9367835,3
5,4.929826814,4
5,73.58895694,4
5,214.1330897,4
5,8.452216621,3
5,251.7424048,5
5,65.84118452,5
5,13.9367835,3
5,4.929826814,4
5,73.58895694,4
5,214.1330897,4
5,8.452216621,3
5,251.7424048,5
5,40.5328036,4
5,2.380119139,5
5,65.84118452,5
5,13.9367835,3
5,4.93820752,4
5,8.452216621,3
6,27.3190823,4
6,19.21701554,4
6,56.2272116,3
6,6.558972047,6
6,10.44241111,4
6,9.392195562,4
6,1072.175852,5
6,68.75453864,3
6,276.1920467,5
6,27.3190823,4
6,19.21893112,4
6,6.558972047,6
6,10.44241111,4
6,9.392195562,4
6,1072.175852,5
6,68.75453864,3
6,276.1920467,5
6,35.99690604,4
6,29.67194571,4
6,6.344104122,4
6,142.7370441,3
6,27.3190823,4
6,19.21893112,4
6,6.558972047,6
6,10.44241111,4
6,9.392195562,4
6,1072.175852,5
6,68.75453864,3
6,276.1920467,5
6,35.99690604,4
6,29.67194571,4
6,6.333337448,4
6,142.7370441,3
6,3.637842608,4
6,27.3190823,4
6,19.28022941,4
6,10.44241111,4
6,9.387501811,4
6,1072.175852,5
6,68.75453864,3
6,276.1920467,5
6,35.99690604,4
6,29.67194571,4
6,6.333337448,4
6,142.7370441,3
6,3.637842608,4
6,27.3190823,4
6,19.28022941,4
6,10.44241111,4
6,9.391256812,4
6,68.75453864,3
6,276.1920467,5
6,22.75056694,5
6,35.99690604,4
6,29.67194571,4
6,6.333337448,4
6,142.7370441,3
6,3.637842608,4
6,27.3190823,4
6,10.44241111,4
6,9.391256812,4
6,69.07080952,3
6,276.1920467,5
6,22.75056694,5
6,4.09440141,3
6,35.99690604,4
6,29.67194571,4
6,6.344104122,4
6,142.7370441,3
6,3.644026941,4
6,10.4904462,4
7,76.2836144,2
7,67.23416063,3
7,279.1597618,5
7,5.370016789,3
7,5.282769051,5
7,11.60380372,3
7,178.2298099,4
7,30.52421513,3
7,30.42943716,5
7,165.2681641,4
7,616.215351,4
7,212.9375612,4
7,648.683812,1
7,30.68767973,3
7,385.2347592,4
7,3.116258562,3
7,32.92788914,4
7,31.05642118,3
7,56.2458856,4
7,274.0002021,4
7,76.16425807,2
7,67.24086528,3
7,279.1597618,5
7,5.370016789,3
7,5.274503424,5
7,11.60380372,3
7,178.2298099,4
7,30.52421513,3
7,30.42943716,5
7,165.2681641,4
7,212.9375612,4
7,648.683812,1
7,30.68767973,3
7,385.2347592,4
7,3.116258562,3
7,32.92788914,4
7,31.05642118,3
7,56.2458856,4
7,274.0002021,4
7,28.55521302,4
7,917.5271989,3
7,76.14187876,2
7,67.04643063,3
7,279.1597618,5
7,5.370016789,3
7,5.272953619,5
7,11.60380372,3
7,30.52421513,3
7,165.2681641,4
7,32.92788914,4
7,31.05642118,3
7,56.2458856,4
7,274.0002021,4
7,28.55521302,4
7,917.5271989,3
7,32.69586939,3
7,76.11949945,2
7,67.04643063,3
7,279.1597618,5
7,5.370016789,3
7,5.271403813,5
7,11.60380372,3
7,30.47241203,3
7,165.1855713,4
7,56.2458856,4
7,274.0002021,4
7,28.55521302,4
7,917.5271989,3
7,32.69586939,3
7,83.21925523,5
7,3.441443677,5
7,74.59770624,2
7,67.04643063,3
7,279.1597618,5
7,5.370016789,3
7,5.192363752,5
7,11.60380372,3
7,165.2516456,4
7,56.2458856,4
7,274.0002021,4
7,113.2911066,5
7,28.55521302,4
7,917.5271989,3
7,32.69586939,3
7,83.21925523,5
7,3.441443677,5
7,74.59770624,2
7,67.04643063,3
7,165.2516456,4
7,56.2458856,4
7,274.0002021,4
7,113.2911066,5
7,65.71203725,3
7,432.6078325,3
7,28.55521302,4
7,917.5271989,3
7,32.69586939,3
7,83.21925523,5
7,3.441443677,5
7,74.94085569,2
8,52.61525261,3
8,21.06886009,2
8,253.9290498,3
8,1001.35279,3
8,42.46962745,4
8,318.6236981,3
8,159.8864592,5
8,32.99242065,3
8,157.4226832,4
8,738.9943116,4
8,78.17415435,4
8,545.7163051,3
8,653.622536,2
8,253.3774294,4
8,19.33943616,3
8,168.2686644,3
8,89.39235619,3
8,654.0841961,4
8,9.027177325,4
8,67.7795342,4
8,36.51025067,4
8,1740.443888,3
8,10.96732314,4
8,976.3903026,2
8,119.8535686,4
8,61.50917234,4
8,66.67569492,5
8,52.61525261,3
8,21.06886009,2
8,253.9543718,3
8,1001.452606,3
8,42.46962745,4
8,159.8864592,5
8,32.99242065,3
8,157.4226832,4
8,738.9943116,4
8,78.18194683,4
8,545.7163051,3
8,253.3774294,4
8,19.33943616,3
8,89.39235619,3
8,654.0841961,4
8,9.027177325,4
8,67.7795342,4
8,36.51025067,4
8,1740.617446,3
8,10.96732314,4
8,976.3903026,2
8,119.8535686,4
8,61.50917234,4
8,66.67569492,5
8,51.61287483,4
8,741.6984855,2
8,67.44354127,4
8,462.3546969,5
8,52.61525261,3
8,21.06886009,2
8,253.2200337,3
8,1001.452606,3
8,42.46962745,4
8,159.8864592,5
8,32.99242065,3
8,78.18194683,4
8,545.7163051,3
8,253.3774294,4
8,89.39235619,3
8,67.7795342,4
8,36.51025067,4
8,1735.584252,3
8,976.3903026,2
8,119.8535686,4
8,61.50917234,4
8,66.67569492,5
8,51.61287483,4
8,741.6984855,2
8,67.40983635,4
8,462.3546969,5
8,91.47085086,3
8,369.0318585,5
8,204.1509929,4
8,217.4106962,4
8,138.2533591,4
8,52.61525261,3
8,21.06886009,2
8,253.2200337,3
8,1004.646714,3
8,42.46962745,4
8,32.99242065,3
8,78.43130618,4
8,544.7901618,3
8,976.3903026,2
8,119.8535686,4
8,61.50917234,4
8,66.67569492,5
8,51.61287483,4
8,731.6745442,2
8,67.43680029,4
8,464.7127058,5
8,91.47085086,3
8,369.0318585,5
8,204.2326533,4
8,216.221478,4
8,138.2533591,4
8,416.7564016,4
8,5.512150999,3
8,21.06886009,2
8,254.5114559,3
8,1004.646714,3
8,42.46962745,4
8,78.43130618,4
8,976.3903026,2
8,119.8535686,4
8,61.50917234,4
8,15.157165,4
8,114.8754891,4
8,66.67569492,5
8,51.61287483,4
8,731.6745442,2
8,67.43680029,4
8,462.3546969,5
8,91.47085086,3
8,369.0318585,5
8,204.2326533,4
8,216.221478,4
8,138.2533591,4
8,416.7564016,4
8,5.512150999,3
8,21.06886009,2
8,1004.646714,3
8,78.43130618,4
8,976.3903026,2
8,119.8535686,4
8,61.50917234,4
8,15.157165,4
8,115.2201156,4
8,66.67569492,5
8,6.541086414,4
8,29.19698258,4
8,112.4691554,4
8,1166.032848,3
8,249.9251054,2
8,51.61287483,4
8,734.5280749,2
8,67.43680029,4
8,464.4815285,5
8,91.47085086,3
8,369.0318585,5
8,204.2326533,4
8,217.0647418,4
8,138.8893246,4
8,416.7564016,4
8,5.512150999,3
8,21.13206667,2
8,77.92479501,4
9,22.92536432,4
9,324.6586329,3
9,11.7018076,4
9,68.01524045,4
9,299.4224481,4
9,944.5739826,2
9,682.7954751,3
9,334.3536217,4
9,408.7057787,4
9,55.21809361,4
9,85.61091698,3
9,93.86130298,3
9,398.5092286,3
9,206.38188,3
9,137.5062776,3
9,9.004013866,4
9,103.8495554,5
9,62.7990921,4
9,8.754040346,4
9,37.95635173,4
9,451.2677711,4
9,3.779482318,5
9,89.63484982,5
9,22.97289914,4
9,324.6586329,3
9,11.7018076,4
9,68.01524045,4
9,299.4224481,4
9,944.5739826,2
9,682.7954751,3
9,334.3536217,4
9,408.7057787,4
9,55.21809361,4
9,85.61091698,3
9,93.86130298,3
9,398.5092286,3
9,206.38188,3
9,103.8495554,5
9,62.7990921,4
9,37.95635173,4
9,451.2677711,4
9,3.779482318,5
9,89.63484982,5
9,22.92536432,4
9,730.0413792,4
9,279.4010794,5
9,352.5292132,4
9,324.6586329,3
9,11.7018076,4
9,68.01524045,4
9,299.4224481,4
9,944.5739826,2
9,682.7954751,3
9,334.3536217,4
9,408.7057787,4
9,55.21809361,4
9,85.61091698,3
9,398.5092286,3
9,206.38188,3
9,103.8495554,5
9,62.7990921,4
9,37.95635173,4
9,3.773068102,5
9,89.48272918,5
9,22.71711654,4
9,729.6765409,4
9,279.4010794,5
9,352.3530366,4
9,1703.554111,5
9,1263.760816,4
9,546.4191265,5
9,77.01886124,4
9,324.6586329,3
9,11.7018076,4
9,67.98124982,4
9,299.2728117,4
9,944.5739826,2
9,682.7954751,3
9,333.7861852,4
9,408.7057787,4
9,55.21809361,4
9,85.61091698,3
9,398.3100736,3
9,206.0316263,3
9,103.7976566,5
9,62.76770825,4
9,37.95635173,4
9,3.773068102,5
9,89.48272918,5
9,22.64468253,4
9,729.9684115,4
9,279.4010794,5
9,352.4939778,4
9,1703.554111,5
9,1263.760816,4
9,546.6376941,5
9,17.15838796,4
9,242.0445343,4
9,102.2195444,4
9,36.71232533,3
9,926.7716457,4
9,75.97796315,4
9,11.7018076,4
9,68.00844232,4
9,299.3925209,4
9,944.5739826,2
9,682.7954751,3
9,333.7861852,4
9,408.7057787,4
9,55.21809361,4
9,398.4693976,3
9,103.8391757,5
9,62.79281533,4
9,37.95635173,4
9,3.773068102,5
9,89.48272918,5
9,12.30493015,5
9,148.5578487,5
9,729.9684115,4
9,279.4010794,5
9,352.4939778,4
9,1703.554111,5
9,1263.760816,4
9,546.6376941,5
9,17.15838796,4
9,242.0445343,4
9,102.2195444,4
9,36.71232533,3
9,926.7716457,4
9,75.97796315,4
9,68.00844232,4
9,299.3925209,4
9,944.5739826,2
9,682.7954751,3
9,408.7057787,4
9,103.8391757,5
9,62.79281533,4
9,37.95635173,4
9,3.774577329,5
9,89.51852227,5
9,12.30985212,5
9,148.810397,5
9,710.6118296,4
9,59.44604174,3
9,729.9684115,4
9,279.4010794,5
9,352.4939778,4
9,1704.235532,5
9,1264.26632,4
9,546.6376941,5
9,17.15838796,4
9,242.0445343,4
9,102.2195444,4
9,36.72701026,3
9,926.7716457,4
9,76.2742772,4
9,948.919023,2
9,103.7976566,5
9,37.95635173,4
10,522.0912264,4
10,33.11591697,3
10,138.4022576,5
10,311.8459198,3
10,53.520246,4
10,54.15818331,4
10,563.6485454,3
10,249.9586008,3
10,618.9808796,3
10,792.3563255,4
10,185.4260835,3
10,304.3443656,3
10,431.7952224,4
10,401.6798981,4
10,32.08249811,4
10,697.8538418,5
10,647.4281229,4
10,123.1348119,4
10,997.7115415,2
10,117.6043721,3
10,97.43958499,2
10,34.57461309,5
10,738.7184203,5
10,72.28709495,4
10,686.4271613,4
10,533.3635895,4
10,827.7002074,4
10,941.1340314,4
10,190.623152,4
10,1192.579409,3
10,362.0137818,4
10,103.3331477,4
10,311.8048742,4
10,700.2967352,5
10,352.5055083,5
10,2240.968718,3
10,333.1035402,3
10,16.76005221,4
10,208.2776921,4
10,368.960316,4
10,437.0785727,5
10,522.0912264,4
10,33.11591697,3
10,138.4022576,5
10,311.8459198,3
10,53.520246,4
10,54.15818331,4
10,563.6485454,3
10,249.9835269,3
10,618.9808796,3
10,304.3443656,3
10,431.7952224,4
10,401.6798981,4
10,697.8538418,5
10,647.4281229,4
10,123.1348119,4
10,997.7115415,2
10,117.6043721,3
10,97.43958499,2
10,34.57461309,5
10,738.7184203,5
10,72.2943006,4
10,686.4271613,4
10,827.7002074,4
10,941.1340314,4
10,190.623152,4
10,1195.052175,3
10,362.0137818,4
10,103.3331477,4
10,311.8048742,4
10,700.2967352,5
10,352.5055083,5
10,2240.968718,3
10,333.1035402,3
10,208.2776921,4
10,368.960316,4
10,437.0785727,5
10,522.0912264,4
10,409.8547628,6
10,557.1350518,4
10,33.11591697,3
10,138.4022576,5
10,311.8459198,3
10,53.520246,4
10,54.15818331,4
10,563.6485454,3
10,249.2606709,3
10,618.9808796,3
10,304.3443656,3
10,431.7952224,4
10,401.6798981,4
10,697.8538418,5
10,647.4281229,4
10,123.1348119,4
10,997.7115415,2
10,117.6043721,3
10,97.43958499,2
10,34.57461309,5
10,738.7184203,5
10,72.2943006,4
10,686.4271613,4
10,827.7002074,4
10,941.1340314,4
10,190.623152,4
10,1192.579409,3
10,362.0137818,4
10,103.3331477,4
10,311.8048742,4
10,700.2967352,5
10,352.5055083,5
10,333.1035402,3
10,208.2776921,4
10,368.960316,4
10,437.0785727,5
10,521.8303113,4
10,409.6499379,6
10,557.1350518,4
10,131.8690488,4
10,1369.443596,4
10,304.8484761,3
10,510.0957234,4
10,33.11591697,3
10,138.4022576,5
10,311.6900747,3
10,53.429416,4
10,54.15818331,4
10,563.6485454,3
10,249.2606709,3
10,618.9808796,3
10,304.1922695,3
10,431.5794327,4
10,401.4791586,4
10,697.8538418,5
10,647.4281229,4
10,123.1348119,4
10,997.7115415,2
10,34.57461309,5
10,72.52488144,4
10,190.527888,4
10,1181.746342,3
10,362.0137818,4
10,103.3331477,4
10,311.6490497,4
10,700.2967352,5
10,352.3293436,5
10,368.960316,4
10,437.0785727,5
10,522.0390434,4
10,409.8137978,6
10,557.1350518,4
10,131.8690488,4
10,1361.952855,4
10,304.8484761,3
10,35.80675986,5
10,4.783250082,3
10,127.3326638,4
10,478.8996233,5
10,510.0957234,4
10,33.11591697,3
10,138.4022576,5
10,311.8147508,3
10,53.429416,4
10,54.15818331,4
10,563.6485454,3
10,250.5319004,3
10,618.9808796,3
10,304.3139464,3
10,431.7520645,4
10,401.6397502,4
10,697.8538418,5
10,647.4281229,4
10,123.1348119,4
10,997.7115415,2
10,371.2813346,4
10,103.3331477,4
10,311.7737093,4
10,700.2967352,5
10,352.4702753,5
10,368.960316,4
10,437.0785727,5
10,187.1781714,3
10,783.0721415,3
10,289.9601985,5
10,409.8137978,6
10,557.1350518,4
10,131.8690488,4
10,1361.952855,4
10,304.8484761,3
10,35.80675986,5
10,4.783250082,3
10,127.3326638,4
10,478.8996233,5
10,510.0957234,4
10,311.8147508,3
10,54.15818331,4
10,563.6485454,3
10,618.9808796,3
10,304.3139464,3
10,401.6397502,4
10,697.8538418,5
10,647.4281229,4
10,368.928245,4
10,103.3331477,4
10,311.7737093,4
10,700.2967352,5
10,352.4702753,5
10,368.960316,4
10,439.0891341,5
10,187.1781714,3
10,783.0721415,3
10,290.3369961,5
10,199.2081671,4
10,114.1871306,5
10,410.3463428,6
10,557.1350518,4
10,131.8690488,4
10,1367.264471,4
10,302.8797577,3
10,35.80675986,5
10,4.783250082,3
10,127.3326638,4
10,478.8996233,5
10,510.0957234,4
10,54.15818331,4
10,566.2413287,3
10,363.6790452,4
10,103.3331477,4
10,311.7737093,4
10,700.2967352,5
10,352.4702753,5
11,1341.94023,3
11,122.9046457,4
11,639.9483268,4
11,639.5653095,4
11,205.423599,3
11,857.0200974,3
11,22.16478602,3
11,25.34144406,4
11,755.0373871,4
11,743.3018082,3
11,903.8963686,4
11,638.1662993,2
11,263.1708506,4
11,606.9709724,5
11,253.2880468,4
11,453.8975099,3
11,94.03441208,3
11,396.9406655,5
11,483.641901,5
11,566.9977433,3
11,1106.975641,3
11,72.65239093,3
11,172.2629439,3
11,423.5242135,5
11,1085.716869,5
11,1469.411811,2
11,485.4209765,3
11,124.0179421,3
11,1341.94023,3
11,122.9046457,4
11,639.9483268,4
11,205.423599,3
11,857.0200974,3
11,22.16478602,3
11,25.34144406,4
11,743.3018082,3
11,903.8963686,4
11,638.1662993,2
11,263.1708506,4
11,606.9709724,5
11,453.8975099,3
11,94.03441208,3
11,396.9406655,5
11,483.641901,5
11,566.9977433,3
11,72.65239093,3
11,172.2629439,3
11,423.5242135,5
11,1085.716869,5
11,1469.411811,2
11,485.4209765,3
11,124.0179421,3
11,410.9636003,3
11,570.4301063,4
11,1423.714279,3
11,1341.94023,3
11,122.9046457,4
11,639.9483268,4
11,205.423599,3
11,857.0200974,3
11,22.16478602,3
11,25.34144406,4
11,743.3018082,3
11,903.8963686,4
11,638.1662993,2
11,263.1708506,4
11,606.9709724,5
11,453.8975099,3
11,94.03441208,3
11,396.9406655,5
11,483.641901,5
11,566.9977433,3
11,72.65239093,3
11,172.2629439,3
11,423.5242135,5
11,1085.716869,5
11,1474.098463,2
11,485.4209765,3
11,124.0179421,3
11,410.7582212,3
11,565.2484742,4
11,1423.002778,3
11,31.40565449,4
11,71.60685774,3
11,595.0007777,4
11,1341.269595,3
11,122.9046457,4
11,639.6285126,4
11,205.423599,3
11,857.0200974,3
11,22.15370917,3
11,25.34144406,4
11,742.0403396,3
11,903.4446462,4
11,453.6706745,3
11,94.03441208,3
11,396.7422944,5
11,483.4002009,5
11,566.035483,3
11,1474.098463,2
11,485.4209765,3
11,124.0179421,3
11,410.9225245,3
11,563.4461674,4
11,1423.571979,3
11,31.40565449,4
11,71.60685774,3
11,595.238778,4
11,1341.806103,3
11,639.884364,4
11,205.423599,3
11,857.0200974,3
11,22.16257065,3
11,25.34144406,4
11,453.8521428,3
11,94.03441208,3
11,396.9009913,5
11,483.593561,5
11,566.035483,3
11,1474.098463,2
11,485.4209765,3
11,124.0179421,3
11,410.9225245,3
11,563.4461674,4
11,1423.571979,3
11,31.40565449,4
11,71.60685774,3
11,595.238778,4
11,1341.806103,3
11,205.423599,3
11,857.0200974,3
11,25.34144406,4
11,453.8521428,3
11,94.03441208,3
11,396.9009913,5
11,483.593561,5
11,566.035483,3
11,1471.315764,2
11,485.4209765,3
11,124.0179421,3
11,118.0410997,4
11,541.5832958,5
11,576.8702705,3
11,410.9225245,3
11,563.4461674,4
11,1423.571979,3
11,31.41821676,4
11,71.60685774,3
11,595.238778,4
11,1341.806103,3
11,205.423599,3
11,860.9623898,3
11,396.9009913,5
11,483.4002009,5
12,110.1387521,3
12,758.4384733,2
12,135.8574306,4
12,1052.122382,4
12,462.5326204,5
12,632.513486,4
12,3093.86111,2
12,648.8502206,4
12,350.3937978,3
12,440.5731138,4
12,174.0862132,6
12,397.7853353,3
12,270.1518478,3
12,111.3002919,3
12,26.79147419,3
12,645.3971589,5
12,139.9350376,4
12,76.35869483,6
12,599.1795887,3
12,738.9811888,3
12,11.45934673,4
12,781.4940816,4
12,10.31604058,3
12,407.466132,4
12,112.3042669,3
12,686.4900225,3
12,344.7344517,3
12,21.31351722,3
12,288.5267831,4
12,1756.685952,4
12,319.9690043,4
12,63.04883525,4
12,541.0002371,4
12,110.1387521,3
12,758.4384733,2
12,1052.122382,4
12,462.5326204,5
12,632.513486,4
12,3093.86111,2
12,648.8502206,4
12,350.3937978,3
12,174.0862132,6
12,397.7853353,3
12,111.3002919,3
12,26.79147419,3
12,645.3971589,5
12,139.9350376,4
12,76.35869483,6
12,599.1795887,3
12,738.9811888,3
12,11.44141699,4
12,781.4940816,4
12,10.3418281,3
12,112.3042669,3
12,344.7344517,3
12,21.31351722,3
12,288.5267831,4
12,1756.685952,4
12,319.9690043,4
12,63.04883525,4
12,548.4119404,4
12,110.1387521,3
12,515.5368953,4
12,750.2843167,4
12,1440.473151,5
12,758.4384733,2
12,1052.122382,4
12,462.5326204,5
12,632.513486,4
12,3093.86111,2
12,648.8502206,4
12,350.3937978,3
12,397.7853353,3
12,111.3002919,3
12,26.79147419,3
12,645.3971589,5
12,139.9350376,4
12,76.35869483,6
12,599.1795887,3
12,781.4940816,4
12,10.3418281,3
12,112.3042669,3
12,344.7344517,3
12,288.5267831,4
12,319.9690043,4
12,63.04883525,4
12,548.4119404,4
12,110.0837103,3
12,514.6619699,4
12,749.909362,4
12,1438.028503,5
12,395.2102082,4
12,289.9922867,5
12,454.6857444,4
12,6.643453376,4
12,421.9368018,5
12,458.7108844,5
12,337.6703825,4
12,675.7491858,2
12,226.613163,3
12,757.1513161,2
12,1051.596584,4
12,462.5326204,5
12,632.1973873,4
12,3093.86111,2
12,647.7490472,4
12,350.2186885,3
12,111.2446696,3
12,26.79147419,3
12,645.0746216,5
12,139.6975517,4
12,76.35869483,6
12,598.8801486,3
12,63.04883525,4
12,541.0002371,4
12,514.6619699,4
12,750.2093258,4
12,1438.028503,5
12,395.3682923,4
12,290.1082836,5
12,454.6857444,4
12,6.646110758,4
12,421.9368018,5
12,458.8943687,5
12,337.6703825,4
12,675.7491858,2
12,226.613163,3
12,83.23048399,4
12,7.20148271,5
12,757.1513161,2
12,1052.017222,4
12,462.5326204,5
12,632.4502662,4
12,3093.86111,2
12,647.7490472,4
12,350.358776,3
12,111.2891674,3
12,26.79147419,3
12,645.3326514,5
12,139.6975517,4
12,76.35869483,6
12,599.1197007,3
12,63.04883525,4
12,541.0002371,4
12,145.3821318,4
12,404.5379267,3
12,964.8923081,2
12,514.6619699,4
12,750.2093258,4
12,1438.028503,5
12,395.3682923,4
12,290.1082836,5
12,454.6857444,4
12,6.646110758,4
12,421.9368018,5
12,458.8943687,5
12,337.6703825,4
12,675.7491858,2
12,226.613163,3
12,83.23048399,4
12,7.20148271,5
12,462.5326204,5
12,632.4502662,4
12,3093.86111,2
12,111.2891674,3
12,645.3326514,5
12,139.6975517,4
12,76.35869483,6
12,599.1197007,3
12,63.04883525,4
12,543.1101381,4
12,145.9491221,4
12,406.3988012,3
12,282.0767689,5
12,60.91758262,4
12,388.3759448,4
12,118.1774002,3
12,90.63424618,2
12,193.86459,4
12,464.6357671,2
12,964.8923081,2
12,514.8678347,4
12,750.2093258,4
12,1438.603714,5
12,395.3682923,4
12,290.1082836,5
12,454.6857444,4
12,6.646110758,4
12,422.6540944,5
12,458.8943687,5
12,338.987297,4
12,678.857632,2
12,227.6555836,3
12,83.23048399,4
12,7.20148271,5
12,645.3326514,5
12,139.7534308,4
12,76.35869483,6
12,599.1197007,3
13,1265.97695,4
13,718.5538324,3
13,1740.867904,5
13,963.7864501,3
13,1421.299864,5
13,1023.76678,4
13,286.1267935,4
13,1476.864055,4
13,906.7135179,3
13,75.58793359,5
13,1609.000419,3
13,426.7376198,4
13,950.5675947,4
13,2251.252439,3
13,267.3262372,6
13,91.83745418,3
13,299.9336658,3
13,632.2398506,3
13,754.681801,3
13,607.078489,3
13,811.3156812,4
13,1278.866686,4
13,879.4391362,4
13,562.6138688,3
13,1016.740958,4
13,35.43713749,3
13,506.0699454,4
13,86.73844373,3
13,926.1215583,3
13,1274.522821,5
13,1265.97695,4
13,1740.867904,5
13,963.7864501,3
13,1421.299864,5
13,1023.76678,4
13,1476.864055,4
13,906.7135179,3
13,75.58793359,5
13,1609.000419,3
13,426.7376198,4
13,950.6623482,4
13,2251.252439,3
13,267.3262372,6
13,91.84660863,3
13,632.2398506,3
13,754.7570584,3
13,607.078489,3
13,811.3156812,4
13,1278.866686,4
13,879.4391362,4
13,562.6138688,3
13,35.43713749,3
13,507.119261,4
13,86.73844373,3
13,926.1215583,3
13,1274.522821,5
13,652.2077633,4
13,2300.320421,4
13,492.0792824,2
13,1265.97695,4
13,1740.867904,5
13,963.7864501,3
13,1421.299864,5
13,1023.76678,4
13,1476.864055,4
13,906.7135179,3
13,75.58793359,5
13,1609.000419,3
13,950.6623482,4
13,2251.252439,3
13,267.3262372,6
13,91.84660863,3
13,632.2398506,3
13,752.5745921,3
13,607.078489,3
13,811.3156812,4
13,1278.866686,4
13,879.4391362,4
13,562.6138688,3
13,35.43713749,3
13,86.59123862,3
13,926.1215583,3
13,1274.522821,5
13,652.2077633,4
13,2300.320421,4
13,492.0792824,2
13,618.7455078,2
13,812.997802,3
13,75.03411087,5
13,1269.578298,2
13,1265.344278,4
13,1740.867904,5
13,963.7864501,3
13,1421.299864,5
13,1023.76678,4
13,1476.864055,4
13,906.2603877,3
13,75.58793359,5
13,1609.000419,3
13,953.6944618,4
13,267.3262372,6
13,92.13955107,3
13,632.2398506,3
13,752.5745921,3
13,606.0482071,3
13,810.9102261,4
13,1278.227572,4
13,879.4391362,4
13,562.6138688,3
13,35.43713749,3
13,86.59123862,3
13,926.1215583,3
13,1274.522821,5
13,652.2077633,4
13,2301.240549,4
13,492.0792824,2
13,618.993006,2
13,813.3230011,3
13,75.41678483,5
13,1269.578298,2
13,673.2869462,4
13,314.661852,4
13,377.2355385,4
13,206.4548273,5
13,833.5266502,3
13,147.8848927,4
13,1265.850415,4
13,1740.867904,5
13,963.7864501,3
13,1421.299864,5
13,1023.76678,4
13,1476.864055,4
13,906.6228918,3
13,92.13955107,3
13,632.2398506,3
13,752.5745921,3
13,606.2906264,3
13,811.2345902,4
13,1278.738863,4
13,879.4391362,4
13,86.59123862,3
13,926.1215583,3
13,1274.522821,5
13,1218.807756,4
13,480.5611937,4
13,652.2077633,4
13,2301.240549,4
13,492.0792824,2
13,618.993006,2
13,813.3230011,3
13,75.03411087,5
13,1269.578298,2
13,673.2869462,4
13,314.661852,4
13,377.2355385,4
13,206.4548273,5
13,829.2972343,3
13,147.8848927,4
13,1740.867904,5
13,963.7864501,3
13,1421.299864,5
13,1023.76678,4
13,92.13955107,3
13,632.2398506,3
13,752.5745921,3
13,606.2906264,3
13,1278.738863,4
13,879.4391362,4
13,86.73844373,3
13,930.3817175,3
13,1274.522821,5
13,1218.807756,4
13,480.5611937,4
13,32.99048284,5
13,221.6496532,6
13,39.11808549,3
13,433.8302902,4
13,652.2077633,4
13,2301.240549,4
13,494.3428471,2
13,618.993006,2
13,813.3230011,3
13,75.37926778,5
13,1275.418358,2
13,673.2869462,4
13,314.661852,4
13,377.2355385,4
13,207.2600011,5
13,833.1120015,3
13,148.3285474,4
13,659.1001292,2
13,1740.867904,5
13,632.2398506,3
13,752.5745921,3
13,606.2906264,3
13,1278.738863,4
13,879.4391362,4
14,854.0715738,5
14,1657.075381,3
14,174.6047492,4
14,958.3992175,4
14,555.8382952,3
14,1597.654682,4
14,146.7463386,4
14,446.0960609,3
14,3081.086371,3
14,608.1777769,4
14,1467.422515,3
14,347.651053,3
14,453.5736735,4
14,284.9275209,4
14,197.3337237,4
14,1158.03393,4
14,1331.291281,4
14,1229.875764,4
14,1385.794855,4
14,740.3193442,4
14,1213.304357,3
14,1361.931334,4
14,446.2688031,5
14,1532.742539,2
14,1036.676903,3
14,555.8382952,3
14,146.7463386,4
14,446.0960609,3
14,3081.086371,3
14,608.1777769,4
14,1467.422515,3
14,347.651053,3
14,453.5736735,4
14,285.5183067,4
14,197.353402,4
14,1334.05166,4
14,1229.875764,4
14,1385.794855,4
14,740.3193442,4
14,1361.931334,4
14,446.2688031,5
14,1532.742539,2
14,1036.676903,3
14,1202.905917,2
14,1009.880927,3
14,293.346234,2
14,555.8382952,3
14,146.7463386,4
14,446.0960609,3
14,3081.086371,3
14,347.651053,3
14,453.5736735,4
14,284.9275209,4
14,196.7827321,4
14,1331.291281,4
14,1229.875764,4
14,1385.794855,4
14,740.3193442,4
14,1361.931334,4
14,446.0457802,5
14,1532.742539,2
14,1036.676903,3
14,1202.304764,2
14,1009.880927,3
14,293.346234,2
14,337.4206517,4
14,1655.165019,2
14,27.01525523,4
14,555.8382952,3
14,146.7463386,4
14,446.0960609,3
14,3079.546597,3
14,453.347,4
14,282.3393167,4
14,196.7827321,4
14,1319.198193,4
14,1229.261133,4
14,446.2241985,5
14,1532.742539,2
14,1036.676903,3
14,1202.785686,2
14,1009.880927,3
14,293.346234,2
14,337.4206517,4
14,1655.165019,2
14,27.02606134,4
14,555.8382952,3
14,146.7463386,4
14,446.0960609,3
14,3080.778416,3
14,281.4390718,4
14,197.786324,4
14,1314.991901,4
14,1229.752838,4
14,446.2241985,5
14,1532.742539,2
14,22.9923938,5
14,1832.271906,2
14,1481.795651,3
14,1036.676903,3
14,1202.785686,2
14,1009.880927,3
14,293.346234,2
14,337.4206517,4
14,1655.165019,2
14,27.02606134,4
14,146.7463386,4
14,196.7827321,4
14,1314.991901,4
14,1229.752838,4
14,446.2241985,5
14,1532.742539,2
14,22.9923938,5
14,1832.271906,2
14,1482.388369,3
14,1038.439254,3
14,1411.9418,2
14,1435.976045,2
14,1768.94541,2
14,1616.49471,2
14,1321.675965,2
14,302.913212,4
14,1202.785686,2
14,1009.880927,3
14,294.4902843,2
14,337.4206517,4
14,1662.778778,2
14,27.02606134,4
14,1229.752838,4
15,290.507961,3
15,536.3825603,3
15,2037.084646,4
15,981.4033405,3
15,339.9955268,4
15,818.3656704,3
15,1174.189994,3
15,292.260697,4
15,682.7611711,4
15,680.3825275,4
15,638.920989,4
15,723.8700172,4
15,947.9689489,5
15,209.5006988,5
15,197.6411897,5
15,844.4282749,5
15,349.8845846,2
15,1165.760499,3
15,454.0029988,4
15,415.001091,4
15,1355.133578,4
15,665.0162562,3
15,183.372991,3
15,36.05555792,3
15,926.0485053,4
15,1501.895187,2
15,1713.054001,3
15,1803.58021,3
15,367.7072232,3
15,1265.395311,3
15,94.48914767,5
15,558.6537775,3
15,389.5018809,4
15,1401.061313,2
15,2821.86139,5
15,997.772799,5
15,290.507961,3
15,1092.021451,2
15,536.3825603,3
15,2037.084646,4
15,339.9955268,4
15,818.3656704,3
15,1174.189994,3
15,292.8666878,4
15,682.7611711,4
15,680.3825275,4
15,638.920989,4
15,723.8700172,4
15,947.9689489,5
15,209.5006988,5
15,197.6608986,5
15,844.4282749,5
15,349.8845846,2
15,454.0029988,4
15,1355.133578,4
15,665.0162562,3
15,183.372991,3
15,926.0485053,4
15,1502.044898,2
15,1713.054001,3
15,1803.58021,3
15,367.7438912,3
15,1265.395311,3
15,94.48914767,5
15,559.8121236,3
15,389.5018809,4
15,1401.061313,2
15,2821.86139,5
15,997.772799,5
15,290.507961,3
15,1092.021451,2
15,382.0339385,2
15,334.9715096,4
15,774.2904162,2
15,1091.303458,5
15,573.5969231,2
15,855.7062677,5
15,380.6753573,3
15,456.857254,4
15,272.6182661,5
15,1171.300941,2
15,438.0344624,2
15,513.8987012,4
15,2434.577474,2
15,165.2117559,3
15,800.3603508,3
15,536.3825603,3
15,2037.084646,4
15,339.9955268,4
15,818.3656704,3
15,1174.189994,3
15,292.260697,4
15,682.7611711,4
15,680.3825275,4
15,638.920989,4
15,209.5006988,5
15,197.0893395,5
15,844.4282749,5
15,349.8845846,2
15,454.0029988,4
15,1355.133578,4
15,926.0485053,4
15,1502.044898,2
15,1803.58021,3
15,1265.395311,3
15,94.48914767,5
15,558.6537775,3
15,389.5018809,4
15,1401.061313,2
15,2821.86139,5
15,997.2741619,5
15,290.507961,3
15,1091.475713,2
15,381.385583,2
15,334.8041076,4
15,774.2904162,2
15,1090.758079,5
15,573.5969231,2
15,855.7062677,5
15,380.6753573,3
15,456.857254,4
15,272.6182661,5
15,1171.300941,2
15,437.8155546,2
15,513.8987012,4
15,2442.342498,2
15,165.2117559,3
15,800.3603508,3
15,148.7148113,3
15,1185.322103,2
15,470.5303139,5
15,631.6534702,4
15,773.0629452,4
15,1194.330944,2
15,536.3825603,3
15,2036.066613,4
15,339.9955268,4
15,818.3656704,3
15,1174.189994,3
15,289.6058802,4
15,682.4199611,4
15,680.3825275,4
15,638.920989,4
15,209.5006988,5
15,197.0893395,5
15,844.4282749,5
15,349.8845846,2
15,453.7761107,4
15,1354.456349,4
15,389.5018809,4
15,1401.061313,2
15,2821.86139,5
15,997.6730716,5
15,290.507961,3
15,1091.912303,2
15,381.385583,2
15,334.9380292,4
15,774.2904162,2
15,1091.194382,5
15,573.5969231,2
15,855.7062677,5
15,380.6753573,3
15,456.857254,4
15,272.6182661,5
15,1171.300941,2
15,437.9906808,2
15,513.8987012,4
15,2426.569794,2
15,165.2117559,3
15,800.3603508,3
15,148.7742973,3
15,1185.796232,2
15,470.7185072,5
15,631.6534702,4
15,1826.402473,2
15,534.1341281,3
15,68.01806221,4
15,758.054476,4
15,452.9556251,4
15,793.4204244,2
15,657.2674716,4
15,216.5884391,2
15,762.6151181,4
15,1194.330944,2
15,536.3825603,3
15,2036.881039,4
15,339.9955268,4
15,818.3656704,3
15,1174.189994,3
15,288.6824657,4
15,680.3825275,4
15,198.0944951,5
15,844.4282749,5
15,349.8845846,2
15,453.9576212,4
15,389.5018809,4
15,1401.061313,2
15,2821.86139,5
15,997.6730716,5
15,290.507961,3
15,1091.912303,2
15,1549.843701,2
15,1400.600795,3
15,291.8546004,3
15,659.9195473,3
15,1740.946132,2
15,663.8946221,4
15,1763.709639,2
15,612.8367074,3
15,581.61908,2
15,2278.84249,2
15,46.84137679,2
15,870.5231061,3
15,381.385583,2
15,334.9380292,4
15,774.2904162,2
15,1091.194382,5
15,573.5969231,2
15,855.7062677,5
15,380.6753573,3
15,456.857254,4
15,272.6182661,5
15,1171.300941,2
15,437.9906808,2
15,513.8987012,4
15,2426.569794,2
15,165.2117559,3
15,800.3603508,3
15,148.7742973,3
15,1185.796232,2
15,470.8126039,5
15,631.6534702,4
15,1826.402473,2
15,534.1341281,3
15,68.01806221,4
15,758.054476,4
15,452.9556251,4
15,793.4204244,2
15,657.2674716,4
15,215.4894429,2
15,762.6151181,4
15,1194.330944,2
15,2036.881039,4
15,339.9955268,4
15,288.6824657,4
15,844.4282749,5
15,349.8845846,2
15,389.6576817,4
15,1401.061313,2
15,2821.86139,5
15,997.6730716,5
15,290.507961,3
15,1091.912303,2
15,1549.843701,2
15,1400.040779,3
15,292.2338596,3
15,659.9195473,3
15,1748.954484,2
15,665.023243,4
15,1763.709639,2
15,612.8367074,3
15,582.3748825,2
15,2278.84249,2
15,46.84137679,2
15,870.5231061,3
15,1580.25372,3
15,998.6738154,4
15,679.1664305,3
15,610.1859981,4
15,789.7038661,2
15,1609.542675,2
15,2490.199545,2
15,763.091459,2
15,572.0516815,3
15,1615.503588,2
15,2041.236789,2
15,963.9467819,4
15,562.2934553,2
15,382.0339385,2
15,334.9380292,4
15,774.2904162,2
15,1091.194382,5
15,573.5969231,2
15,855.7062677,5
15,380.6753573,3
15,456.857254,4
15,272.6182661,5
15,1171.300941,2
15,437.9906808,2
15,513.8987012,4
15,2437.732015,2
15,165.9717299,3
15,804.0420084,3
15,148.7742973,3
15,1185.796232,2
15,473.0238752,5
15,634.5590762,4
15,1826.402473,2
15,534.3477817,3
15,68.01806221,4
15,759.0395528,4
15,452.9556251,4
15,793.4204244,2
15,657.2674716,4
15,216.4806944,2
15,765.5893171,4
15,1196.361306,2
15,2036.881039,4
15,844.4282749,5
15,350.9342384,2
16,2101.631927,4
16,2055.391533,4
16,1464.963646,3
16,384.8664991,2
16,378.7344833,2
16,1591.654299,2
16,560.4119722,3
16,1431.844238,5
16,846.844376,2
16,1621.382873,2
16,654.0535883,3
16,278.3105012,5
16,203.4548141,3
16,470.357675,3
16,49.77076299,5
16,1399.242689,3
16,40.66412657,3
16,784.5820271,2
16,1810.855226,4
16,1272.043829,3
16,2660.152703,3
16,1739.540478,4
16,817.7809013,3
16,1829.029751,4
16,1913.006232,2
16,642.9605662,3
16,327.5088029,3
16,2101.631927,4
16,856.6942835,2
16,2055.391533,4
16,384.8664991,2
16,1591.654299,2
16,560.4119722,3
16,1431.844238,5
16,846.844376,2
16,1621.382873,2
16,654.0535883,3
16,278.3105012,5
16,203.4548141,3
16,470.357675,3
16,49.77076299,5
16,1399.242689,3
16,40.66818001,3
16,784.5820271,2
16,1810.855226,4
16,1274.681361,3
16,2660.152703,3
16,817.7809013,3
16,1829.029751,4
16,1913.006232,2
16,642.9605662,3
16,327.5088029,3
16,2101.631927,4
16,1488.708082,3
16,1406.058565,3
16,154.1657059,4
16,1943.167047,4
16,854.217054,2
16,2055.391533,4
16,384.8664991,2
16,1591.654299,2
16,560.4119722,3
16,846.844376,2
16,654.0535883,3
16,203.4548141,3
16,470.357675,3
16,49.77076299,5
16,1399.242689,3
16,40.66818001,3
16,784.5820271,2
16,1810.855226,4
16,1272.043829,3
16,816.3930331,3
16,1828.115693,4
16,1913.006232,2
16,642.9605662,3
16,326.9529828,3
16,2100.581636,4
16,1487.9641,3
16,1405.355887,3
16,154.0886616,4
16,1943.167047,4
16,854.217054,2
16,1430.172991,4
16,342.762498,3
16,1330.968686,2
16,1354.469631,3
16,375.026061,3
16,2055.391533,4
16,384.8664991,2
16,1591.654299,2
16,560.1319063,3
16,203.1095279,3
16,49.77076299,5
16,1398.543417,3
16,40.79789014,3
16,784.5820271,2
16,1809.950251,4
16,1260.488929,3
16,816.3930331,3
16,1828.846939,4
16,1913.006232,2
16,642.9605662,3
16,1487.9641,3
16,1405.91803,3
16,154.1502971,4
16,1943.167047,4
16,858.573561,2
16,1430.74506,4
16,342.899603,3
16,1330.968686,2
16,1354.469631,3
16,375.026061,3
16,1634.977316,3
16,519.433313,3
16,2065.87403,4
16,384.8664991,2
16,560.355959,3
16,1399.102834,3
16,40.74114196,3
16,784.5820271,2
16,1810.674231,4
16,816.3930331,3
16,1828.846939,4
16,1913.006232,2
16,642.9605662,3
16,607.8152158,2
16,278.910048,2
16,1269.443898,2
16,235.1181786,2
16,2726.735551,2
16,1719.07539,2
16,2314.760073,3
16,1487.9641,3
16,1405.91803,3
16,154.1502971,4
16,1943.167047,4
16,854.217054,2
16,1430.74506,4
16,342.899603,3
16,1330.968686,2
16,1354.469631,3
16,375.026061,3
16,1634.977316,3
16,519.433313,3
16,2055.391533,4
16,384.8664991,2
16,40.53441644,3
16,784.5820271,2
16,1810.674231,4
16,816.7195903,3
16,1828.846939,4
16,1921.80606,2
16,645.9181848,3
16,607.8152158,2
16,279.2724861,2
16,1269.443898,2
16,235.1181786,2
16,2726.735551,2
16,1719.07539,2
16,2314.760073,3
16,2576.256468,2
16,1488.559286,3
16,1405.91803,3
16,154.1502971,4
16,1943.167047,4
16,858.1464525,2
16,1430.74506,4
16,342.899603,3
16,1330.968686,2
16,1354.469631,3
16,376.4886627,3
16,1634.977316,3
16,520.1083063,3
16,384.8664991,2
16,40.53441644,3
16,784.5820271,2
17,17.39564341,4
17,1146.817791,3
17,463.0505996,4
17,1465.571986,3
17,820.6081568,4
17,924.1822249,4
17,1831.724691,3
17,782.1588128,4
17,334.3434863,5
17,1099.719804,4
17,794.3545274,4
17,394.2866206,4
17,448.4261471,4
17,2318.086218,2
17,868.6907287,4
17,686.1097629,4
17,147.004898,4
17,17.39564341,4
17,1146.817791,3
17,463.0505996,4
17,1465.571986,3
17,820.6081568,4
17,924.1822249,4
17,782.1588128,4
17,334.3434863,5
17,1099.719804,4
17,794.3545274,4
17,394.2866206,4
17,448.4261471,4
17,2318.086218,2
17,868.6907287,4
17,686.1097629,4
17,147.004898,4
17,719.6588775,3
17,1278.479755,4
17,676.4298328,2
17,703.806778,2
17,17.39564341,4
17,1146.817791,3
17,463.0505996,4
17,1465.571986,3
17,820.6081568,4
17,924.1822249,4
17,782.1588128,4
17,334.3434863,5
17,794.3545274,4
17,394.2866206,4
17,448.4261471,4
17,2318.086218,2
17,684.9453558,4
17,146.7554138,4
17,719.6588775,3
17,1277.840835,4
17,676.4298328,2
17,703.599918,2
17,1087.255209,2
17,533.1601013,3
17,493.2947231,4
17,17.39564341,4
17,1146.817791,3
17,463.0505996,4
17,1465.571986,3
17,820.6081568,4
17,924.1822249,4
17,782.1588128,4
17,334.3434863,5
17,394.0895758,4
17,448.202046,4
17,2316.927754,2
17,684.9453558,4
17,146.7554138,4
17,719.6588775,3
17,1278.351971,4
17,676.4298328,2
17,689.5334359,2
17,1087.255209,2
17,533.1601013,3
17,495.8105262,4
17,3032.913634,2
17,649.587095,5
17,587.1655791,2
17,1839.64464,3
17,1462.927717,2
17,879.9373521,3
17,1088.923562,3
17,813.3980348,3
17,1146.817791,3
17,463.0505996,4
17,1465.571986,3
17,820.6081568,4
17,924.1822249,4
17,394.2472116,4
17,448.3813269,4
17,684.9453558,4
17,146.7554138,4
17,1786.748247,2
17,746.3905282,3
17,1554.293643,3
17,1520.335753,3
17,1043.673597,3
17,1312.150497,2
17,624.8473551,2
17,1323.221771,3
17,1139.056125,3
17,2838.58297,2
17,719.6588775,3
17,1278.351971,4
17,676.4298328,2
17,689.5334359,2
17,1087.255209,2
17,533.1601013,3
17,493.2947231,4
17,3032.913634,2
17,649.587095,5
17,587.1655791,2
17,1839.64464,3
17,1462.927717,2
17,879.9373521,3
17,1088.923562,3
17,809.2707539,3
17,1146.817791,3
17,463.0505996,4
17,1465.571986,3
17,924.1822249,4
17,394.2472116,4
17,448.3813269,4
17,685.219334,4
17,146.814116,4
17,1786.748247,2
17,746.3905282,3
17,1556.935942,3
17,1520.943888,3
17,1043.673597,3
17,1312.150497,2
17,627.7216529,2
17,1323.221771,3
17,1139.056125,3
17,2851.640452,2
17,785.4927159,4
17,1970.291407,2
17,1231.674374,5
17,917.4788138,2
17,1941.132133,4
17,234.6118961,2
17,1149.359183,3
17,719.6588775,3
17,1278.351971,4
17,679.54141,2
17,692.7052897,2
17,1087.255209,2
17,533.1601013,3
17,495.5638788,4
17,3032.913634,2
17,649.587095,5
17,587.1655791,2
17,1839.64464,3
17,1463.512888,2
17,883.3691078,3
17,1088.923562,3
17,812.9933994,3
17,1400.497394,2
17,1146.817791,3
17,394.2472116,4
17,448.3813269,4
18,194.5753183,4
18,991.9820608,2
18,326.0906871,3
18,1793.402603,2
18,706.3274781,4
18,65.78615556,4
18,1355.836337,4
18,64.4898684,3
18,775.6347755,2
18,63.76560258,3
18,1119.471657,3
18,469.9690837,3
18,1811.140928,5
18,1852.727407,2
18,651.7311462,4
18,147.7589109,2
18,2004.121254,4
18,1366.149623,4
18,3054.7416,2
18,848.3405404,4
18,1034.366544,2
18,814.2334353,3
18,1161.496949,3
18,637.2345399,3
18,1143.607055,2
18,1244.483458,4
18,1512.812431,3
18,1562.702724,4
18,1351.366384,4
18,1699.59191,4
18,1247.740807,2
18,1102.972654,3
18,516.1854204,4
18,818.1472606,5
18,504.0440111,5
18,1917.870787,2
18,194.5753183,4
18,991.9820608,2
18,326.0906871,3
18,1793.581443,2
18,706.3274781,4
18,65.78615556,4
18,1355.836337,4
18,64.4898684,3
18,775.6347755,2
18,63.76560258,3
18,469.9690837,3
18,1852.727407,2
18,651.7311462,4
18,147.7589109,2
18,1366.149623,4
18,3054.7416,2
18,848.3405404,4
18,1034.366544,2
18,814.2334353,3
18,1161.496949,3
18,637.2345399,3
18,1247.063844,4
18,1562.702724,4
18,1699.59191,4
18,1247.740807,2
18,1102.972654,3
18,516.1854204,4
18,818.1472606,5
18,504.0440111,5
18,1917.870787,2
18,194.5753183,4
18,1788.395097,2
18,706.3274781,4
18,32.18927666,3
18,1251.519791,4
18,77.37986971,2
18,2585.731928,3
18,1126.749082,2
18,132.1149522,3
18,1762.6913,2
18,1049.844279,2
18,65.78615556,4
18,1355.836337,4
18,64.4898684,3
18,775.6347755,2
18,63.76560258,3
18,469.9690837,3
18,1852.727407,2
18,651.7311462,4
18,147.7589109,2
18,1366.149623,4
18,1034.366544,2
18,1161.496949,3
18,637.2345399,3
18,1244.483458,4
18,1247.740807,2
18,1102.972654,3
18,515.9274567,4
18,817.7383914,5
18,503.7921151,5
18,1917.870787,2
18,194.4780793,4
18,705.9744908,4
18,32.17319006,3
18,1251.519791,4
18,77.24854718,2
18,2584.439708,3
18,1126.749082,2
18,132.1149522,3
18,1762.6913,2
18,1049.844279,2
18,1801.331501,4
18,1360.84397,4
18,2566.036102,2
18,800.0373562,3
18,308.1858448,4
18,1841.847562,3
18,524.6031019,3
18,2244.958906,3
18,777.9292798,3
18,65.75327892,4
18,1355.158758,4
18,64.4898684,3
18,775.6347755,2
18,63.76560258,3
18,469.9690837,3
18,1852.727407,2
18,651.4054435,4
18,147.7589109,2
18,1366.149623,4
18,1159.525755,3
18,637.2345399,3
18,1233.178908,4
18,1247.740807,2
18,1102.972654,3
18,516.1338277,4
18,817.7383914,5
18,503.9936319,5
18,1917.870787,2
18,32.18605934,3
18,1251.519791,4
18,77.24854718,2
18,2585.473484,3
18,1126.749082,2
18,132.1149522,3
18,1762.6913,2
18,1055.198485,2
18,1801.331501,4
18,1361.388307,4
18,2566.036102,2
18,800.0373562,3
18,308.3091191,4
18,1842.584301,3
18,524.8129431,3
18,2214.618631,3
18,1176.653981,3
18,1635.074242,5
18,1127.44156,4
18,1154.891283,3
18,775.4488357,3
18,65.77958023,4
18,1355.700821,4
18,64.4898684,3
18,775.6347755,2
18,64.180079,3
18,469.9690837,3
18,1852.727407,2
18,147.7589109,2
18,1159.525755,3
18,637.2345399,3
18,1229.246891,4
18,1247.740807,2
18,1102.972654,3
18,516.1338277,4
18,817.7383914,5
18,503.9936319,5
18,1917.870787,2
18,732.8408295,2
18,572.5498693,4
18,1988.120768,2
18,931.5518819,5
18,32.18605934,3
18,1251.519791,4
18,77.24854718,2
18,2585.473484,3
18,1126.749082,2
18,132.1149522,3
18,1762.6913,2
18,1049.844279,2
18,1801.331501,4
18,1361.388307,4
18,2566.036102,2
18,800.0373562,3
18,308.3091191,4
18,1842.584301,3
18,524.8129431,3
18,2214.618631,3
18,1176.653981,3
18,1635.074242,5
18,1127.44156,4
18,1154.891283,3
18,775.4488357,3
18,1355.700821,4
18,64.4898684,3
18,775.6347755,2
18,64.180079,3
18,469.9690837,3
18,637.2345399,3
18,1229.246891,4
18,1247.740807,2
18,1102.972654,3
18,516.8045334,4
18,818.0654867,5
18,503.9936319,5
18,1917.870787,2
18,732.8408295,2
18,572.5498693,4
18,1988.120768,2
18,933.1355201,5
18,2432.252884,2
18,1101.133564,2
18,614.9902053,3
18,700.9873,3
18,699.1535826,4
18,751.3078897,2
18,995.1935248,3
18,117.0596848,3
18,1901.362343,3
18,919.6885697,4
18,32.18605934,3
18,1251.519791,4
18,77.2794466,2
18,2585.473484,3
18,1131.932127,2
18,132.722681,3
18,1770.79968,2
18,1054.673563,2
18,1801.331501,4
18,1361.388307,4
18,2566.036102,2
18,800.0373562,3
18,308.3091191,4
18,1842.584301,3
18,524.8129431,3
18,2223.255644,3
18,1176.653981,3
18,1635.074242,5
18,1127.44156,4
18,1154.891283,3
18,775.4488357,3
18,1355.700821,4
18,64.4898684,3
18,775.6347755,2
18,64.05892435,3
18,1229.246891,4
19,971.261877,5
19,878.7764849,4
19,1316.460351,4
19,1087.442016,2
19,874.2896386,2
19,309.9671262,4
19,1440.431587,2
19,1019.882228,3
19,628.6900919,3
19,1738.573662,3
19,1059.919367,4
19,2399.764363,2
19,1093.204335,3
19,1391.142034,2
19,92.2606502,4
19,632.3330641,2
19,971.261877,5
19,878.7764849,4
19,1087.442016,2
19,874.2896386,2
19,309.9671262,4
19,1440.431587,2
19,1019.882228,3
19,628.6900919,3
19,1059.919367,4
19,2399.764363,2
19,1093.204335,3
19,1391.142034,2
19,92.2606502,4
19,632.3330641,2
19,971.261877,5
19,878.7764849,4
19,1087.442016,2
19,874.2896386,2
19,309.9671262,4
19,1440.431587,2
19,1019.882228,3
19,628.6900919,3
19,1059.919367,4
19,2399.764363,2
19,1093.204335,3
19,1391.142034,2
19,92.2606502,4
19,632.3330641,2
19,970.7764887,5
19,810.7418713,5
19,2973.111027,2
19,516.4875081,4
19,1620.456619,3
19,1122.156867,2
19,440.2278222,3
19,371.4533939,4
19,878.3373162,4
19,1087.442016,2
19,874.2896386,2
19,309.9671262,4
19,1440.431587,2
19,1019.882228,3
19,628.375904,3
19,2395.691687,2
19,1092.658006,3
19,1390.44681,2
19,632.3330641,2
19,971.1647993,5
19,811.066168,5
19,2974.300271,2
19,516.4875081,4
19,1620.456619,3
19,1122.156867,2
19,440.2278222,3
19,371.4533939,4
19,915.0577178,4
19,692.8678321,3
19,1000.168427,5
19,470.2888406,3
19,874.8270562,3
19,878.6886511,4
19,1087.442016,2
19,874.2896386,2
19,309.9671262,4
19,1440.431587,2
19,1019.882228,3
19,628.6272543,3
19,1093.09507,3
19,1391.002989,2
19,632.3330641,2
19,663.2318803,3
19,1312.798873,4
19,1537.304633,2
19,1002.447906,2
19,2296.847153,3
19,2286.647613,2
19,530.4204581,4
19,811.066168,5
19,2974.300271,2
19,516.4875081,4
19,1620.456619,3
19,1122.156867,2
19,440.2278222,3
19,371.4533939,4
19,915.0577178,4
19,692.8678321,3
19,1000.168427,5
19,470.2888406,3
19,874.8270562,3
19,1087.442016,2
19,874.2896386,2
19,309.9671262,4
19,1440.431587,2
19,1391.002989,2
19,635.2417962,2
19,663.2318803,3
19,1312.798873,4
19,1544.376234,2
19,1007.059167,2
19,2296.847153,3
19,2286.647613,2
19,530.4204581,4
19,1428.052755,2
19,1447.568959,3
19,811.066168,5
19,2974.300271,2
19,516.4875081,4
19,1620.456619,3
19,1127.318789,2
19,442.2528701,3
19,373.1620795,4
19,915.0577178,4
19,692.8678321,3
19,1000.168427,5
19,470.2888406,3
19,878.8512606,3
19,1087.442016,2
19,1391.002989,2
20,1281.168453,5
20,1801.296719,3
20,597.1232057,4
20,3182.429776,4
20,497.3250627,4
20,1872.217553,5
20,1437.418941,4
20,1248.60096,4
20,725.505686,2
20,2131.384368,2
20,1335.85832,2
20,688.360958,3
20,3260.273101,2
20,674.1128226,3
20,600.3773241,4
20,729.1708626,6
20,156.8429608,5
20,524.0501948,2
20,791.0514051,3
20,1261.129766,3
20,1269.971643,2
20,2111.132138,2
20,1209.482771,3
20,1422.803208,4
20,1012.937685,5
20,1077.541939,2
20,1445.481881,3
20,1281.168453,5
20,1801.476345,3
20,597.1232057,4
20,3182.429776,4
20,497.3250627,4
20,1872.217553,5
20,1437.418941,4
20,1248.60096,4
20,725.505686,2
20,2131.384368,2
20,1335.85832,2
20,688.360958,3
20,674.1128226,3
20,600.3773241,4
20,729.1708626,6
20,156.5975582,5
20,524.0501948,2
20,791.0514051,3
20,1261.129766,3
20,1269.971643,2
20,2111.132138,2
20,1209.482771,3
20,1422.803208,4
20,1010.00866,5
20,1077.541939,2
20,1445.481881,3
20,1113.877619,4
20,1271.7815,3
20,592.675158,4
20,1275.397237,3
20,497.512603,5
20,2100.429675,4
20,1281.168453,5
20,1796.26717,3
20,597.1232057,4
20,3182.429776,4
20,497.3250627,4
20,1872.217553,5
20,1437.418941,4
20,1248.60096,4
20,725.505686,2
20,2131.384368,2
20,688.360958,3
20,674.1128226,3
20,600.3773241,4
20,729.1708626,6
20,156.5515452,5
20,524.0501948,2
20,791.0514051,3
20,1269.971643,2
20,2111.132138,2
20,1209.482771,3
20,1422.803208,4
20,1010.00866,5
20,1077.541939,2
20,1444.759501,3
20,1113.877619,4
20,1271.145927,3
20,592.675158,4
20,1275.397237,3
20,497.512603,5
20,2100.429675,4
20,1025.597921,4
20,554.6629167,5
20,824.9427567,4
20,676.5655277,4
20,939.6701056,4
20,345.9210514,3
20,1276.428423,2
20,441.2436743,3
20,1340.120154,2
20,825.4935283,4
20,1281.168453,5
20,1796.26717,3
20,596.8247933,4
20,3180.839357,4
20,497.3250627,4
20,1872.217553,5
20,1437.418941,4
20,1248.60096,4
20,725.505686,2
20,688.360958,3
20,1422.803208,4
20,1010.00866,5
20,1077.541939,2
20,1445.337405,3
20,1113.877619,4
20,1271.654385,3
20,592.675158,4
20,1275.397237,3
20,497.512603,5
20,2100.429675,4
20,1026.00816,4
20,554.6629167,5
20,824.9427567,4
20,676.5655277,4
20,939.6701056,4
20,345.9210514,3
20,1276.428423,2
20,441.4201718,3
20,1340.120154,2
20,865.0088268,4
20,86.06651315,2
20,44.52729006,4
20,1673.451092,3
20,1478.562235,3
20,825.8237257,4
20,1281.168453,5
20,1805.428133,3
20,597.0635232,4
20,3182.111692,4
20,497.3250627,4
20,1872.217553,5
20,1437.418941,4
20,725.505686,2
20,688.360958,3
20,1422.803208,4
20,1010.00866,5
20,1077.541939,2
20,1445.337405,3
20,1113.877619,4
20,1271.654385,3
20,592.675158,4
20,1275.397237,3
20,497.512603,5
20,2100.429675,4
20,1026.00816,4
20,554.6629167,5
20,824.9427567,4
20,676.5655277,4
20,939.6701056,4
20,345.9210514,3
20,1276.428423,2
20,441.4201718,3
20,1340.120154,2
20,865.0088268,4
20,86.06651315,2
20,44.52729006,4
20,1673.451092,3
20,1478.562235,3
20,825.8237257,4
20,1281.168453,5
20,1796.26717,3
20,597.0635232,4
20,3182.111692,4
20,497.3250627,4
20,688.360958,3
20,1422.803208,4
20,1014.6547,5
20,1077.541939,2
20,1445.337405,3
20,555.8080063,4
20,1278.389876,4
20,395.0456267,2
20,2489.501337,2
20,1111.203181,4
20,217.8941514,4
20,397.4069996,2
20,1113.877619,4
20,1271.654385,3
20,592.675158,4
20,1275.397237,3
20,497.512603,5
20,2100.429675,4
20,1026.00816,4
20,554.6629167,5
20,824.9427567,4
20,676.8361539,4
20,939.6701056,4
20,345.9210514,3
20,1276.428423,2
20,441.4201718,3
20,1346.284707,2
20,865.0088268,4
20,86.21282623,2
20,44.52729006,4
20,1674.120473,3
20,1469.013646,3
20,826.8968673,4
20,1281.168453,5
20,688.360958,3
21,1222.241241,3
21,1648.131326,3
21,927.2544013,4
21,3310.613855,3
21,139.0075675,4
21,1013.587472,3
21,1953.757623,2
21,764.9045934,4
21,1546.749926,3
21,1508.642973,4
21,302.6471687,3
21,395.3711307,2
21,1083.55112,3
21,1222.241241,3
21,1648.131326,3
21,927.2544013,4
21,3310.613855,3
21,139.0075675,4
21,1013.587472,3
21,1953.757623,2
21,764.9045934,4
21,1546.749926,3
21,302.6471687,3
21,395.3711307,2
21,1083.55112,3
21,1160.123907,4
21,1212.033078,2
21,1222.241241,3
21,1648.131326,3
21,927.2544013,4
21,3310.613855,3
21,139.0075675,4
21,1013.587472,3
21,1953.757623,2
21,764.9045934,4
21,1546.749926,3
21,400.7877152,2
21,1160.123907,4
21,1211.427364,2
21,1020.963713,4
21,1685.580368,5
21,372.0531824,3
21,152.3645877,4
21,3190.301506,2
21,1220.166957,3
21,1645.334258,3
21,926.7910057,4
21,3310.613855,3
21,138.9380984,4
21,1013.587472,3
21,1953.757623,2
21,764.9045934,4
21,1546.749926,3
21,1160.123907,4
21,1211.911935,2
21,1021.372098,4
21,1685.580368,5
21,372.0531824,3
21,152.4255336,4
21,3206.572044,2
21,1712.92006,4
21,1391.651476,4
21,1804.892469,2
21,1555.422984,5
21,1492.747538,3
21,1220.166957,3
21,1645.334258,3
21,927.1617222,4
21,1013.587472,3
21,1953.757623,2
21,764.9045934,4
21,1546.749926,3
21,1970.035484,2
21,714.5308764,4
21,869.7193239,3
21,150.8242796,3
21,1672.127917,2
21,2142.612049,2
21,1798.732258,2
21,226.3630049,2
21,1160.123907,4
21,1211.911935,2
21,1021.372098,4
21,1685.580368,5
21,372.0531824,3
21,152.4255336,4
21,3190.301506,2
21,1712.92006,4
21,1391.651476,4
21,1804.892469,2
21,1555.422984,5
21,1492.747538,3
21,1220.166957,3
21,1013.587472,3
21,1953.757623,2
21,764.9045934,4
21,1546.749926,3
21,1970.035484,2
21,714.5308764,4
21,869.7193239,3
21,151.0202728,3
21,1672.127917,2
21,2152.468064,2
21,1798.732258,2
21,227.0420939,2
21,2217.482282,2
21,858.204643,3
21,1160.123907,4
21,1211.911935,2
21,1021.372098,4
21,1685.580368,5
21,372.0531824,3
21,152.4255336,4
21,3204.976893,2
21,1712.92006,4
21,1391.651476,4
21,1807.960786,2
21,1556.045153,5
21,1495.285209,3
21,1013.587472,3
21,1953.757623,2
22,268.2363385,4
22,1300.573113,3
22,1830.487169,4
22,1904.325495,3
22,2380.549285,4
22,680.281322,3
22,1562.688011,3
22,840.1926538,2
22,2026.166438,3
22,3135.561457,2
22,1158.493125,5
22,2156.559718,4
22,235.3028845,5
22,1407.340093,4
22,1507.710363,3
22,361.8237439,2
22,912.3475509,3
22,1621.643927,2
22,3352.039228,3
22,3167.613989,2
22,1614.387171,4
22,1888.951109,4
22,2190.863839,4
22,1770.547761,4
22,1151.17427,4
22,468.552541,5
22,267.8166455,4
22,1830.669707,4
22,2380.549285,4
22,680.281322,3
22,1562.688011,3
22,840.1926538,2
22,3135.561457,2
22,1158.493125,5
22,2156.559718,4
22,235.3028845,5
22,1407.340093,4
22,1507.710363,3
22,361.8237439,2
22,912.3475509,3
22,1621.643927,2
22,3352.039228,3
22,3167.613989,2
22,1614.387171,4
22,1888.951109,4
22,2190.863839,4
22,1770.547761,4
22,1151.17427,4
22,468.552541,5
22,267.737953,4
22,2286.935317,2
22,1307.485043,3
22,2156.785588,4
22,887.4492878,3
22,4391.464208,2
22,1795.976938,3
22,1825.376116,4
22,2380.549285,4
22,680.281322,3
22,1562.688011,3
22,840.1926538,2
22,3135.561457,2
22,1158.493125,5
22,2156.559718,4
22,235.3028845,5
22,1407.340093,4
22,1507.710363,3
22,361.8237439,2
22,912.3475509,3
22,3346.350432,3
22,3166.030974,2
22,1613.580381,4
22,1888.951109,4
22,2187.145691,4
22,1769.66293,4
22,1150.598971,4
22,468.3183819,5
22,2286.935317,2
22,1307.485043,3
22,2156.785588,4
22,887.4492878,3
22,4391.464208,2
22,1795.976938,3
22,1027.50652,4
22,1407.762684,3
22,945.0105437,4
22,1781.766803,3
22,406.8258601,5
22,1949.076817,4
22,1825.376116,4
22,2380.549285,4
22,680.281322,3
22,1562.688011,3
22,840.1926538,2
22,3133.994459,2
22,2155.481977,4
22,235.1852918,5
22,1406.636774,4
22,1506.956885,3
22,361.8237439,2
22,3346.350432,3
22,3167.297386,2
22,1614.225813,4
22,1888.951109,4
22,2187.145691,4
22,1770.370795,4
22,1151.059211,4
22,468.5057092,5
22,2286.935317,2
22,1307.485043,3
22,2156.785588,4
22,887.4492878,3
22,4391.464208,2
22,1795.976938,3
22,1027.917523,4
22,1408.325789,3
22,945.0105437,4
22,1782.47951,3
22,400.7258644,5
22,355.8385985,5
22,1442.492975,4
22,1453.556148,3
22,2593.070158,4
22,921.3642947,2
22,1959.017109,4
22,2380.549285,4
22,680.281322,3
22,1562.688011,3
22,840.1926538,2
22,3135.248057,2
22,2156.34417,4
22,235.279366,5
22,1407.199429,4
22,1507.559668,3
22,361.8237439,2
22,3346.350432,3
22,3167.297386,2
22,1614.225813,4
22,1888.951109,4
22,2187.145691,4
22,1770.370795,4
22,1151.059211,4
22,468.5057092,5
22,858.4969078,5
22,1048.736292,4
22,646.7548089,2
22,671.5755963,4
22,2286.935317,2
22,1307.485043,3
22,2156.785588,4
22,887.4492878,3
22,4391.464208,2
22,1795.976938,3
22,1027.917523,4
22,1408.325789,3
22,945.0105437,4
22,1782.47951,3
22,398.6925325,5
22,355.8385985,5
22,1442.492975,4
22,1453.556148,3
22,2593.070158,4
22,916.6891799,2
22,1949.076817,4
22,2380.549285,4
22,680.281322,3
22,1562.688011,3
22,840.1926538,2
22,235.279366,5
22,1407.199429,4
22,1507.559668,3
22,361.8237439,2
22,3347.688972,3
22,3167.297386,2
22,1614.225813,4
22,1888.951109,4
22,2188.02055,4
22,1770.370795,4
22,1152.554989,4
22,468.5057092,5
22,862.4459936,5
22,1048.736292,4
22,646.7548089,2
22,671.5755963,4
22,2298.678087,3
22,949.5241967,4
22,418.2273024,4
22,278.2859196,2
22,2286.935317,2
22,1307.485043,3
22,2156.785588,4
22,887.4492878,3
22,4398.929697,2
22,1804.238432,3
22,1027.917523,4
22,1408.325789,3
22,945.0105437,4
22,1782.47951,3
22,399.8886101,5
22,355.8385985,5
22,1444.367466,4
22,1453.556148,3
22,2597.478377,4
22,920.9059502,2
22,1958.04257,4
22,2380.549285,4
22,680.281322,3
22,1562.688011,3
22,235.5851068,5
22,1407.199429,4
22,1507.559668,3
22,363.4881332,2
23,2709.894615,3
23,1191.649278,4
23,678.204262,4
23,276.7526337,4
23,3129.012745,3
23,2789.643203,3
23,401.728763,4
23,2467.823685,4
23,1198.135733,5
23,499.9021446,4
23,2190.910283,3
23,2080.700819,4
23,146.8131088,3
23,2796.488007,3
23,1409.461732,4
23,430.180538,3
23,2175.217206,2
23,1135.668097,4
23,1651.393563,4
23,2311.793734,4
23,812.6165708,5
23,1381.100616,3
23,2696.170678,2
23,1964.012253,3
23,282.1714087,4
23,2709.894615,3
23,1191.649278,4
23,678.204262,4
23,276.7526337,4
23,3129.012745,3
23,2789.643203,3
23,401.728763,4
23,1198.135733,5
23,2080.700819,4
23,146.8131088,3
23,1409.461732,4
23,2175.43412,2
23,1135.668097,4
23,1651.393563,4
23,2311.793734,4
23,812.6165708,5
23,1381.100616,3
23,2696.170678,2
23,1964.012253,3
23,282.1714087,4
23,1554.472058,3
23,2709.894615,3
23,1191.649278,4
23,678.204262,4
23,276.7526337,4
23,3129.012745,3
23,2789.643203,3
23,401.728763,4
23,1198.135733,5
23,2080.700819,4
23,146.8131088,3
23,1409.461732,4
23,2169.143604,2
23,1135.668097,4
23,2310.638415,4
23,812.6165708,5
23,1381.100616,3
23,2696.170678,2
23,1964.012253,3
23,282.1714087,4
23,1540.351656,3
23,2992.04191,2
23,790.6666568,3
23,987.8237294,4
23,1838.297499,4
23,370.5757702,4
23,1326.199475,5
23,789.3691781,4
23,2708.540344,3
23,1191.053751,4
23,677.8653293,4
23,276.7526337,4
23,3129.012745,3
23,2789.643203,3
23,401.728763,4
23,1198.135733,5
23,2079.660989,4
23,146.8131088,3
23,2311.56267,4
23,812.6165708,5
23,1381.100616,3
23,2696.170678,2
23,1964.012253,3
23,282.1714087,4
23,1534.826281,3
23,2992.04191,2
23,790.6666568,3
23,988.2188589,4
23,1839.032818,4
23,370.5757702,4
23,1326.729955,5
23,789.3691781,4
23,3047.572875,3
23,1494.394226,3
23,1004.716186,3
23,2709.623761,3
23,1191.530172,4
23,678.1364755,4
23,276.7526337,4
23,3129.012745,3
23,146.8131088,3
23,2311.56267,4
23,812.6165708,5
23,1381.100616,3
23,2696.170678,2
23,1964.012253,3
23,282.1714087,4
23,1869.376901,3
23,232.473789,3
23,897.4679502,4
23,1534.826281,3
23,2992.04191,2
23,790.6666568,3
23,988.2188589,4
23,1839.032818,4
23,370.5757702,4
23,1326.729955,5
23,789.3691781,4
23,3047.572875,3
23,1486.811488,3
23,1004.716186,3
23,1191.530172,4
23,678.1364755,4
23,276.7526337,4
23,3129.012745,3
23,146.8131088,3
23,2311.56267,4
23,812.6165708,5
23,1387.453679,3
23,2696.170678,2
23,1964.012253,3
23,282.1714087,4
23,1869.376901,3
23,232.473789,3
23,897.4679502,4
23,1427.097701,2
23,644.623758,4
23,1126.304606,3
23,1975.017907,5
23,2368.494231,5
23,1535.440212,3
23,2992.04191,2
23,790.6666568,3
23,988.2188589,4
23,1839.032818,4
23,370.5757702,4
23,1326.729955,5
23,791.7372856,4
23,3047.572875,3
23,1493.650821,3
23,1009.33788,3
23,678.1364755,4
23,146.8131088,3
24,1709.225176,5
24,2779.828843,2
24,353.7119169,5
24,2714.438169,3
24,1285.888505,4
24,2011.483015,2
24,1797.278349,3
24,878.1256435,3
24,1417.601106,4
24,2016.702044,2
24,2922.761579,3
24,2142.203957,4
24,3454.083518,2
24,1499.190651,4
24,1709.225176,5
24,2779.828843,2
24,353.7119169,5
24,2714.438169,3
24,2011.483015,2
24,1797.278349,3
24,878.1256435,3
24,1417.601106,4
24,2016.702044,2
24,2922.761579,3
24,2142.203957,4
24,3454.083518,2
24,1499.190651,4
24,2871.251789,3
24,1028.314509,5
24,536.5873183,4
24,1709.225176,5
24,2779.828843,2
24,353.7119169,5
24,2714.438169,3
24,2011.483015,2
24,878.1256435,3
24,1417.601106,4
24,2016.702044,2
24,2922.761579,3
24,2142.203957,4
24,3454.083518,2
24,1499.190651,4
24,2871.251789,3
24,1028.314509,5
24,536.5873183,4
24,1042.645137,2
24,819.5455023,5
24,706.9007052,3
24,512.4047574,5
24,1708.370991,5
24,2778.439624,2
24,353.5351494,5
24,2713.081628,3
24,878.1256435,3
24,1417.601106,4
24,2015.694197,2
24,2921.300928,3
24,3454.083518,2
24,1499.190651,4
24,2871.251789,3
24,1028.314509,5
24,536.5873183,4
24,1043.062196,2
24,819.5455023,5
24,706.8300222,3
24,3407.988923,4
24,915.4684728,4
24,395.3568078,4
24,1890.49561,5
24,2059.856359,3
24,1296.327575,5
24,599.7519782,4
24,512.6097193,5
24,1709.054339,5
24,878.1256435,3
24,1417.601106,4
24,2016.500475,2
24,3454.083518,2
24,1499.190651,4
24,2054.446586,4
24,982.2333618,3
24,2109.854573,4
24,1260.391799,3
24,965.9545474,4
24,1534.319547,4
24,1757.854815,4
24,2871.251789,3
24,1028.314509,5
24,536.5873183,4
24,1043.062196,2
24,819.5455023,5
24,706.8300222,3
24,3407.988923,4
24,915.4684728,4
24,395.3568078,4
24,1890.49561,5
24,2059.856359,3
24,1296.327575,5
24,599.6923607,4
24,512.6097193,5
24,878.1256435,3
24,1417.601106,4
24,2016.500475,2
24,3454.083518,2
24,1499.190651,4
24,2054.446586,4
24,982.2333618,3
24,2109.854573,4
24,1260.391799,3
24,966.3409292,4
24,1534.319547,4
24,1757.854815,4
24,2542.066342,3
24,2265.217261,3
24,2871.251789,3
24,1033.044756,5
24,539.05562,4
24,1043.062196,2
24,819.8733205,5
24,708.0316333,3
24,3407.988923,4
24,915.4684728,4
24,395.3568078,4
24,1893.709453,5
24,2059.856359,3
24,1298.012127,5
24,599.3942732,4
24,512.6097193,5
24,1417.601106,4
24,2016.500475,2
25,306.235023,5
25,710.4510625,4
25,713.1701361,4
25,1266.741311,3
25,1750.628771,4
25,2443.242993,4
25,2275.684442,4
25,1949.040763,5
25,2371.23477,3
25,1943.0371,3
25,628.4276772,3
25,1032.118746,3
25,2133.618324,5
25,3173.869149,3
25,485.943353,5
25,147.624852,5
25,273.2426805,5
25,312.1998856,5
25,423.7522934,5
25,1358.452239,4
25,1394.020519,4
25,2200.294771,3
25,963.3746882,3
25,2466.014768,3
25,613.6334004,5
25,483.2773382,3
25,1124.271077,4
25,306.235023,5
25,713.1701361,4
25,1266.741311,3
25,1750.628771,4
25,2443.242993,4
25,2371.23477,3
25,628.4276772,3
25,1032.22167,3
25,2133.618324,5
25,3173.869149,3
25,485.943353,5
25,147.624852,5
25,273.2426805,5
25,312.1998856,5
25,1394.020519,4
25,963.3746882,3
25,2466.014768,3
25,613.6334004,5
25,483.2773382,3
25,1124.271077,4
25,1045.444642,4
25,437.584251,3
25,1037.013312,3
25,306.235023,5
25,713.1701361,4
25,1266.741311,3
25,1750.628771,4
25,2443.242993,4
25,2371.23477,3
25,628.4276772,3
25,1029.236883,3
25,2133.618324,5
25,3173.869149,3
25,485.943353,5
25,147.624852,5
25,312.1998856,5
25,1394.020519,4
25,961.7397307,3
25,2461.829658,3
25,613.6334004,5
25,483.0358203,3
25,1123.709222,4
25,1043.670402,4
25,437.584251,3
25,1037.013312,3
25,309.6193193,5
25,1365.800998,3
25,789.054338,2
25,2132.159732,4
25,1368.079569,4
25,1807.359206,3
25,1100.812886,4
25,306.235023,5
25,712.8137293,4
25,1266.108257,3
25,1750.628771,4
25,2442.021982,4
25,628.4276772,3
25,1029.236883,3
25,2132.552048,5
25,3172.283007,3
25,485.7005027,5
25,147.3743157,5
25,312.0438636,5
25,961.7397307,3
25,2461.829658,3
25,613.6334004,5
25,483.2290346,3
25,1124.158706,4
25,1043.670402,4
25,437.584251,3
25,1037.013312,3
25,309.6193193,5
25,1366.347318,3
25,789.054338,2
25,2132.159732,4
25,1368.626801,4
25,1807.359206,3
25,1354.434431,4
25,542.1454713,4
25,545.9440679,2
25,1101.253211,4
25,306.235023,5
25,713.0988548,4
25,1266.6147,3
25,1750.628771,4
25,628.4276772,3
25,1034.485991,3
25,2133.405069,5
25,3173.55192,3
25,485.8947829,5
25,147.3743157,5
25,961.7397307,3
25,2461.829658,3
25,613.6334004,5
25,483.2290346,3
25,2518.106106,2
25,1242.490092,3
25,324.6216279,3
25,1542.524437,4
25,789.1737661,2
25,1124.158706,4
25,1043.670402,4
25,437.584251,3
25,1037.013312,3
25,309.6193193,5
25,1366.347318,3
25,789.054338,2
25,2132.159732,4
25,1368.626801,4
25,1807.359206,3
25,1354.434431,4
25,542.1454713,4
25,545.9440679,2
25,1101.253211,4
25,306.235023,5
25,713.0988548,4
25,628.4276772,3
25,1029.236883,3
25,2133.405069,5
25,3173.55192,3
25,485.8947829,5
25,147.3743157,5
25,962.1244266,3
25,2461.829658,3
25,613.6334004,5
25,483.0358203,3
25,2518.106106,2
25,1242.490092,3
25,324.6216279,3
25,1542.524437,4
25,789.1737661,2
25,1124.158706,4
25,3019.624814,2
25,1117.13976,2
25,2226.339711,4
25,1922.222261,3
25,29.75981691,4
25,1044.08787,4
25,439.5971386,3
25,1041.783573,3
25,309.6193193,5
25,1366.347318,3
25,789.054338,2
25,2132.159732,4
25,1370.405304,4
25,1807.359206,3
25,1354.434431,4
25,542.1454713,4
25,545.9440679,2
25,1101.253211,4
25,631.3184445,3
25,1033.971373,3
25,2133.405069,5
25,485.8947829,5
25,147.3743157,5
26,3922.748031,3
26,2611.187142,2
26,2801.308186,3
26,1763.945888,4
26,1025.973519,3
26,2462.489856,3
26,476.5701881,4
26,420.6315779,3
26,761.7632654,2
26,916.496795,5
26,1770.544808,2
26,794.8101115,4
26,3922.748031,3
26,2611.187142,2
26,1763.945888,4
26,1025.973519,3
26,476.5701881,4
26,420.6315779,3
26,761.7632654,2
26,916.496795,5
26,1770.544808,2
26,794.8101115,4
26,3922.748031,3
26,1365.865093,5
26,1964.123408,3
26,2334.821843,3
26,2353.202309,2
26,2611.187142,2
26,1763.945888,4
26,1025.973519,3
26,476.5701881,4
26,420.6315779,3
26,761.7632654,2
26,916.496795,5
26,794.8101115,4
26,3920.787637,3
26,1353.457946,5
26,1960.790065,3
26,2333.655015,3
26,2353.202309,2
26,1685.441971,4
26,1642.330976,4
26,1199.060165,2
26,2611.187142,2
26,1763.945888,4
26,1025.973519,3
26,476.5701881,4
26,420.6315779,3
26,916.496795,5
26,794.8101115,4
26,3922.355952,3
26,1348.602975,5
26,1960.790065,3
26,2334.588477,3
26,2353.202309,2
26,1686.116148,4
26,1642.987908,4
26,1199.539789,2
26,1011.111202,3
26,2611.187142,2
26,1763.945888,4
26,1025.973519,3
26,476.5701881,4
26,420.6315779,3
26,794.8101115,4
26,511.5618835,3
26,1348.602975,5
26,1960.790065,3
26,2334.588477,3
26,2353.202309,2
26,1686.116148,4
26,1642.987908,4
26,1199.539789,2
26,1011.111202,3
26,1763.945888,4
26,1025.973519,3
26,476.5701881,4
26,420.6315779,3
26,794.8101115,4
26,511.5618835,3
26,1809.281093,4
26,1312.195719,4
26,385.8030564,4
26,1349.142416,5
26,1961.574381,3
26,2334.588477,3
26,2364.027039,2
26,1686.116148,4
26,1642.987908,4
26,1199.539789,2
26,1011.111202,3
26,420.6315779,3
27,2985.113614,4
27,1308.726271,4
27,3278.625427,4
27,1104.620044,4
27,3079.158849,2
27,2690.089671,3
27,232.417878,5
27,3284.283882,3
27,917.5874168,5
27,1692.658679,3
27,2480.530519,3
27,1977.119461,4
27,2985.113614,4
27,1308.726271,4
27,3278.625427,4
27,3079.158849,2
27,2690.089671,3
27,232.8997871,5
27,3284.283882,3
27,917.5874168,5
27,1692.658679,3
27,2480.530519,3
27,1977.119461,4
27,2538.650782,3
27,1219.898099,5
27,1620.572047,4
27,780.1173016,4
27,2985.113614,4
27,3278.625427,4
27,3079.158849,2
27,2690.089671,3
27,232.417878,5
27,3284.283882,3
27,917.1288524,5
27,1692.658679,3
27,2480.530519,3
27,1977.119461,4
27,2534.3424,3
27,1219.288455,5
27,1619.762166,4
27,778.7933529,4
27,1051.745952,4
27,241.1573359,2
27,2140.565522,4
27,1952.068718,4
27,4178.521849,3
27,1882.23979,2
27,2983.621803,4
27,3276.986933,4
27,3073.933163,2
27,917.4957039,5
27,1692.658679,3
27,2480.530519,3
27,1977.119461,4
27,2534.3424,3
27,1219.77617,5
27,1620.410071,4
27,778.7933529,4
27,1052.16665,4
27,241.1573359,2
27,2140.565522,4
27,1952.068718,4
27,4178.521849,3
27,1146.367713,4
27,787.8312424,5
27,1152.916635,2
27,4034.755393,3
27,1882.23979,2
27,2984.815251,4
27,3278.297728,4
27,3073.933163,2
27,917.4957039,5
27,1692.658679,3
27,2480.530519,3
27,1977.119461,4
27,4444.324606,2
27,1236.273764,2
27,829.2296948,5
27,2200.153433,3
27,1147.745511,3
27,2699.410391,2
27,143.2011155,4
27,223.6004618,4
27,2534.3424,3
27,1219.77617,5
27,1620.410071,4
27,778.7933529,4
27,1052.16665,4
27,241.1573359,2
27,2140.565522,4
27,1952.068718,4
27,4178.521849,3
27,1146.367713,4
27,787.8312424,5
27,1152.916635,2
27,4034.755393,3
27,1882.23979,2
27,2984.815251,4
27,3278.297728,4
27,3073.933163,2
27,917.4957039,5
27,1692.658679,3
27,2480.530519,3
27,1977.119461,4
27,4444.324606,2
27,1236.273764,2
27,828.8981355,5
27,2200.153433,3
27,1147.745511,3
27,2699.410391,2
27,143.2011155,4
27,222.1564449,4
27,1153.501293,4
27,2535.356137,3
27,1219.77617,5
27,1620.410071,4
27,780.1173016,4
27,1051.745952,4
27,241.1573359,2
27,2140.565522,4
27,1952.068718,4
27,4178.521849,3
27,1146.367713,4
27,787.8312424,5
27,1152.916635,2
27,4034.755393,3
27,1882.23979,2
27,2983.621803,4
27,3282.557811,4
27,3075.162736,2
28,454.0028526,3
28,381.642399,5
28,1719.55013,5
28,2119.678715,3
28,1277.520907,3
28,1971.792437,3
28,2945.95915,4
28,4097.283151,3
28,1006.771567,4
28,1601.040064,4
28,5746.622058,3
28,2918.050573,4
28,4144.797646,3
28,1105.741557,4
28,1106.853688,5
28,2314.774716,3
28,619.0891705,5
28,2053.993782,2
28,1106.042845,3
28,454.0028526,3
28,381.642399,5
28,1719.55013,5
28,2119.678715,3
28,1277.266851,3
28,1971.792437,3
28,2945.95915,4
28,4097.283151,3
28,1006.771567,4
28,1601.040064,4
28,5746.622058,3
28,2918.050573,4
28,1105.741557,4
28,1106.853688,5
28,2314.774716,3
28,619.0891705,5
28,2053.993782,2
28,1106.042845,3
28,499.4479705,4
28,2517.737173,4
28,454.0028526,3
28,381.642399,5
28,1719.55013,5
28,2119.678715,3
28,1277.266851,3
28,1998.805993,3
28,1006.771567,4
28,1601.040064,4
28,2918.050573,4
28,1105.741557,4
28,1106.300538,5
28,2313.617907,3
28,618.7797806,5
28,2050.507919,2
28,1106.042845,3
28,499.4479705,4
28,2517.737173,4
28,1080.516087,4
28,1487.254001,5
28,454.0028526,3
28,381.4516732,5
28,1718.690784,5
28,2118.619405,3
28,1277.266851,3
28,1998.805993,3
28,1006.268433,4
28,1600.239944,4
28,1106.743058,5
28,2314.543354,3
28,619.0272925,5
28,2050.507919,2
28,1106.042845,3
28,499.4479705,4
28,2517.737173,4
28,1080.948294,4
28,1487.848902,5
28,683.3039509,5
28,2499.623673,4
28,454.0028526,3
28,381.6042539,5
28,1719.378261,5
28,2119.466853,3
28,1270.280309,3
28,1006.67094,4
28,1600.88004,4
28,1106.743058,5
28,2314.543354,3
28,619.0272925,5
28,2050.507919,2
28,1106.042845,3
28,3616.040901,2
28,614.8031942,4
28,1395.479178,4
28,540.5488837,4
28,499.4479705,4
28,2517.737173,4
28,1080.948294,4
28,1487.848902,5
28,683.3039509,5
28,2499.623673,4
28,2889.532434,2
28,381.6042539,5
28,2119.466853,3
28,1600.88004,4
28,1106.743058,5
28,2314.543354,3
28,619.0272925,5
28,2051.328122,2
28,1106.042845,3
28,3616.040901,2
28,614.8031942,4
28,1395.479178,4
28,543.0354086,4
28,1780.179308,4
28,1420.847856,3
28,499.4479705,4
28,2517.737173,4
28,1080.948294,4
28,1487.848902,5
28,683.3039509,5
28,2499.623673,4
28,2889.532434,2
28,382.100141,5
28,1600.88004,4
29,260.3899715,4
29,2086.388719,4
29,1851.446418,4
29,2720.68041,3
29,1094.137501,5
29,383.1584031,4
29,1251.729652,4
29,418.8832945,4
29,2291.897453,4
29,1045.733027,3
29,5846.229223,3
29,3062.224338,4
29,268.7233507,5
29,3932.824146,4
29,586.6783557,4
29,260.3899715,4
29,2086.388719,4
29,1851.446418,4
29,2720.68041,3
29,1094.137501,5
29,383.1584031,4
29,419.7518321,4
29,2291.897453,4
29,1045.733027,3
29,5846.229223,3
29,268.7233507,5
29,3932.824146,4
29,586.6783557,4
29,1410.540452,4
29,2363.057032,4
29,456.1989197,4
29,260.3899715,4
29,2114.972244,4
29,1851.446418,4
29,2720.68041,3
29,1094.137501,5
29,2291.897453,4
29,1045.733027,3
29,5846.229223,3
29,268.7233507,5
29,3930.858717,4
29,586.6783557,4
29,1410.540452,4
29,2361.876094,4
29,455.9709342,4
29,949.8722222,4
29,463.4063504,4
29,2010.491018,4
29,260.2598416,4
29,2114.972244,4
29,1851.446418,4
29,2720.68041,3
29,1094.137501,5
29,2290.752077,4
29,1045.733027,3
29,5843.307569,3
29,268.7233507,5
29,3932.43106,4
29,586.6783557,4
29,1410.540452,4
29,2362.820845,4
29,456.1533226,4
29,950.2521711,4
29,463.4063504,4
29,2010.491018,4
29,3653.409259,3
29,1964.318907,3
29,2219.960074,3
29,260.3639455,4
29,2086.388719,4
29,1851.446418,4
29,2720.68041,3
29,1094.137501,5
29,1045.733027,3
29,5845.644892,3
29,3932.43106,4
29,586.6783557,4
29,2531.97611,4
29,1189.850086,3
29,4199.006692,2
29,1410.540452,4
29,2362.820845,4
29,456.1533226,4
29,950.2521711,4
29,463.4063504,4
29,2010.491018,4
29,3653.409259,3
29,1964.318907,3
29,2219.960074,3
29,2086.388719,4
29,1851.446418,4
29,2720.68041,3
29,1045.733027,3
29,5845.644892,3
29,3932.43106,4
29,586.6783557,4
29,2532.988901,4
29,1189.850086,3
29,4199.006692,2
29,1410.540452,4
29,2362.820845,4
29,456.7460848,4
29,950.2521711,4
29,463.4063504,4
29,2010.491018,4
29,3653.409259,3
29,1964.318907,3
29,2230.171891,3
29,1045.733027,3
29,5853.241192,3
30,236.2413867,5
30,1812.504526,3
30,1074.649142,3
30,3097.676226,2
30,422.9215287,3
30,1831.842443,5
30,1447.043951,5
30,1337.126862,5
30,137.806933,3
30,705.2300204,3
30,892.2340496,4
30,504.2910111,3
30,1376.902909,4
30,989.0557202,5
30,862.5515001,3
30,1124.529903,4
30,822.8446793,4
30,2215.337084,3
30,1196.602246,4
30,1122.751654,5
30,1535.030161,4
30,2577.796026,3
30,236.2413867,5
30,1812.504526,3
30,1074.649142,3
30,3097.676226,2
30,422.9215287,3
30,1831.842443,5
30,1447.043951,5
30,1337.126862,5
30,137.806933,3
30,705.3003184,3
30,504.2910111,3
30,1376.902909,4
30,989.0557202,5
30,862.5515001,3
30,1124.529903,4
30,822.8446793,4
30,2215.337084,3
30,1196.602246,4
30,1122.751654,5
30,1535.030161,4
30,2577.796026,3
30,236.2413867,5
30,2335.267701,3
30,1070.515555,3
30,2138.06627,3
30,1455.725175,3
30,2275.884686,3
30,1812.504526,3
30,1074.649142,3
30,3097.676226,2
30,422.9215287,3
30,1831.842443,5
30,1447.043951,5
30,1337.126862,5
30,137.806933,3
30,1376.902909,4
30,989.0557202,5
30,862.5515001,3
30,822.8446793,4
30,2215.337084,3
30,1535.030161,4
30,2577.796026,3
30,236.2413867,5
30,2335.267701,3
30,1069.980565,3
30,2136.997772,3
30,1455.725175,3
30,2274.747312,3
30,810.9722481,3
30,890.3151956,4
30,1131.954114,5
30,653.0102398,4
30,1811.598726,3
30,1074.112086,3
30,3097.676226,2
30,422.9215287,3
30,1828.733596,5
30,1447.043951,5
30,1337.126862,5
30,137.7380639,3
30,1376.902909,4
30,988.5614395,5
30,862.5515001,3
30,1535.030161,4
30,2577.796026,3
30,236.2413867,5
30,2335.267701,3
30,1070.408557,3
30,2137.852571,3
30,1455.725175,3
30,2275.657211,3
30,811.296637,3
30,890.3151956,4
30,1132.406895,5
30,650.9281028,4
30,1052.990417,5
30,824.6927912,4
30,1812.323366,3
30,1074.541731,3
30,422.9215287,3
30,1828.733596,5
30,1447.043951,5
30,988.9568641,5
30,862.5515001,3
30,1535.030161,4
30,2577.796026,3
30,3501.263729,4
30,1357.603477,3
30,2335.267701,3
30,1070.408557,3
30,2137.852571,3
30,1455.725175,3
30,2275.657211,3
30,811.296637,3
30,890.3151956,4
30,1132.406895,5
30,650.9281028,4
30,1052.990417,5
30,824.6927912,4
30,1812.323366,3
30,1074.541731,3
30,1828.733596,5
30,1447.043951,5
30,988.9568641,5
30,862.5515001,3
30,1535.030161,4
30,2577.796026,3
30,3501.263729,4
30,1357.603477,3
30,2618.99649,3
30,858.8553903,4
30,2335.267701,3
30,1070.408557,3
30,2137.852571,3
30,1455.725175,3
30,2275.657211,3
30,811.296637,3
30,890.3151956,4
30,1132.406895,5
30,650.9281028,4
30,1058.676566,5
30,827.1668695,4
30,862.5515001,3
31,5909.252601,3
31,2591.839823,5
31,200.4948494,4
31,1714.626726,2
31,469.309134,4
31,438.927722,5
31,5909.252601,3
31,2591.839823,5
31,200.4948494,4
31,1714.626726,2
31,469.309134,4
31,438.927722,5
31,868.2895986,3
31,5909.252601,3
31,2591.839823,5
31,200.4948494,4
31,468.5126624,4
31,438.7083679,5
31,868.2895986,3
31,1209.466215,4
31,1868.587781,4
31,5909.252601,3
31,468.5126624,4
31,438.8838512,5
31,868.2895986,3
31,1209.466215,4
31,1843.334104,4
31,1529.990252,4
31,1740.34641,5
31,2593.153129,3
31,468.5126624,4
31,438.8838512,5
31,2406.200002,3
31,1524.667628,2
31,2309.242761,2
31,2875.047388,4
31,1312.616393,4
31,868.2895986,3
31,1209.466215,4
31,1843.334104,4
31,1529.990252,4
31,1740.34641,5
31,2593.153129,3
31,469.309134,4
31,438.8838512,5
31,2407.162482,3
31,1524.667628,2
31,2309.242761,2
31,2875.047388,4
31,1312.616393,4
31,2331.714114,2
31,1287.885369,3
31,868.2895986,3
31,1209.466215,4
31,1850.523107,4
31,1529.990252,4
31,1740.34641,5
31,2593.153129,3
32,2052.615783,5
32,862.1644723,3
32,1140.041952,3
32,2880.607214,3
32,1812.248832,4
32,2487.087523,3
32,32.30247249,3
32,2246.881119,3
32,2750.826686,3
32,1666.882835,4
32,3688.542622,3
32,2004.847442,3
32,2258.413782,3
32,1805.948036,5
32,3241.028671,2
32,2856.131464,3
32,472.9820084,5
32,1742.282935,4
32,2052.615783,5
32,862.1644723,3
32,1140.041952,3
32,2880.607214,3
32,1812.248832,4
32,2487.087523,3
32,2246.881119,3
32,2750.826686,3
32,1666.882835,4
32,3688.542622,3
32,2004.847442,3
32,2258.413782,3
32,1805.948036,5
32,3241.028671,2
32,2856.131464,3
32,472.9820084,5
32,1742.282935,4
32,2694.47804,3
32,2879.766417,2
32,2052.615783,5
32,862.1644723,3
32,1140.041952,3
32,2880.607214,3
32,1812.248832,4
32,2487.087523,3
32,2246.881119,3
32,2750.826686,3
32,1666.882835,4
32,3688.542622,3
32,2258.413782,3
32,1805.948036,5
32,3239.408966,2
32,2854.704112,3
32,472.7456356,5
32,1739.32608,4
32,2693.131475,3
32,2878.327253,2
32,2143.633335,3
32,486.4445318,5
32,2051.589988,5
32,861.7336055,3
32,1140.041952,3
32,2880.607214,3
32,2487.087523,3
32,2245.75824,3
32,2749.45196,3
32,1666.04981,4
32,3686.699272,3
32,3239.408966,2
32,2855.845994,3
32,472.9347339,5
32,1739.32608,4
32,2694.208727,3
32,2879.478584,2
32,2144.490789,3
32,486.4445318,5
32,1498.713948,4
32,2051.589988,5
32,862.078299,3
32,1140.041952,3
32,2246.656543,3
32,2750.551741,3
32,1666.71623,4
32,3239.408966,2
32,2855.845994,3
32,472.9347339,5
32,1739.32608,4
32,3332.080538,2
32,2694.208727,3
32,2879.478584,2
32,2144.490789,3
32,486.4445318,5
32,1498.713948,4
32,862.078299,3
32,1140.041952,3
32,2750.551741,3
32,1666.71623,4
32,3240.70473,2
32,2855.845994,3
32,472.9347339,5
32,1740.021811,4
32,3332.080538,2
32,607.0221596,5
32,196.0358685,5
32,847.1127476,2
32,1926.529467,4
32,2694.208727,3
32,2879.478584,2
32,2144.490789,3
32,486.4445318,5
32,1498.713948,4
32,2750.551741,3
32,1668.882095,4
33,1540.367891,3
33,834.0838918,4
33,378.345525,6
33,2756.821868,3
33,2171.527453,4
33,2565.922308,3
33,1219.131416,5
33,3404.984465,5
33,1540.367891,3
33,834.0838918,4
33,2171.527453,4
33,2565.922308,3
33,3404.984465,5
33,1561.470931,3
33,2565.922308,3
33,3404.984465,5
33,2273.606742,3
33,3404.984465,5
33,2274.516184,3
33,3053.701467,3
33,3404.984465,5
33,1832.274891,4
33,4871.001932,3
33,2274.516184,3
33,3053.701467,3
33,3404.984465,5
33,1832.274891,4
33,4871.001932,3
33,1880.346016,3
33,2274.516184,3
33,3053.701467,3
34,2413.858323,4
34,2949.874745,4
34,2391.121168,3
34,2949.874745,4
34,2391.121168,3
34,3797.09063,3
34,327.3731911,4
34,2948.400545,4
34,2391.121168,3
34,3795.193033,3
34,327.2095863,4
34,2279.303899,3
34,1125.45413,3
34,688.3209922,4
34,2949.579905,4
34,2391.121168,3
34,3796.71111,3
34,327.3404701,4
34,2279.303899,3
34,1125.904312,3
34,688.5963206,4
34,2949.579905,4
34,2391.121168,3
34,3796.71111,3
34,327.3404701,4
34,2279.303899,3
34,1125.904312,3
34,688.5963206,4
34,2949.579905,4
34,2391.121168,3
34,4032.688827,3
34,2411.770173,4
34,2661.834614,4
34,3796.71111,3
34,327.3404701,4
34,2279.303899,3
34,1125.904312,3
34,688.5963206,4
35,2157.648096,4
35,657.3194254,5
35,718.064158,4
35,829.1064477,5
35,2075.67472,4
35,1532.306207,4
35,2334.820364,3
35,1813.783092,4
35,1218.307826,3
35,1950.163357,5
35,3666.381133,3
35,1082.144023,4
35,3717.83435,3
35,2672.006963,4
35,2981.546956,4
35,29.65599603,3
35,3261.847203,3
35,933.2186476,3
35,685.0349465,2
35,1137.90735,3
35,1296.6582,5
35,404.3774446,4
35,5660.895804,3
35,1099.466481,3
35,2157.648096,4
35,718.064158,4
35,829.1064477,5
35,2075.881707,4
35,1532.306207,4
35,2334.820364,3
35,1813.422392,4
35,1218.307826,3
35,1950.163357,5
35,1081.92882,4
35,3717.83435,3
35,29.65599603,3
35,3261.847203,3
35,933.2186476,3
35,685.0349465,2
35,1296.6582,5
35,404.3774446,4
35,5660.895804,3
35,1099.466481,3
35,1226.57685,5
35,6030.185845,2
35,522.079326,5
35,2157.648096,4
35,718.064158,4
35,829.1064477,5
35,2069.879058,4
35,1532.306207,4
35,2334.820364,3
35,1813.422392,4
35,1218.307826,3
35,1950.163357,5
35,1081.92882,4
35,3717.83435,3
35,29.65599603,3
35,933.2186476,3
35,403.6911696,4
35,5660.895804,3
35,1096.724942,3
35,1226.57685,5
35,6027.172258,2
35,522.079326,5
35,1044.858755,3
35,301.6795667,5
35,2461.853086,5
35,2156.569811,4
35,717.7053054,4
35,828.6921017,5
35,2069.879058,4
35,1532.306207,4
35,2330.857906,3
35,1813.422392,4
35,1218.307826,3
35,1950.163357,5
35,3715.976362,3
35,932.7522715,3
35,403.6911696,4
35,5660.895804,3
35,1096.615281,3
35,1226.57685,5
35,6029.583127,2
35,522.079326,5
35,1044.858755,3
35,301.6795667,5
35,2461.853086,5
35,1669.028328,5
35,717.9923875,4
35,829.0235785,5
35,2080.435441,4
35,1532.306207,4
35,2330.857906,3
35,1803.503125,4
35,1950.163357,5
35,403.6911696,4
35,5660.895804,3
35,1096.615281,3
35,1020.132145,5
35,2379.986266,3
35,1226.57685,5
35,6029.583127,2
35,522.079326,5
35,1044.858755,3
35,301.6795667,5
35,2461.853086,5
35,1669.028328,5
35,829.0235785,5
35,2330.857906,3
35,404.3774446,4
35,5660.895804,3
35,1098.479527,3
35,1021.86637,5
35,2390.934203,3
35,1226.57685,5
35,6029.583127,2
35,522.079326,5
35,1044.858755,3
35,301.6795667,5
35,2473.17761,5
35,1669.028328,5
35,830.1008783,5
36,3278.05097,3
36,390.3631656,4
36,566.8757527,5
36,1563.376137,2
36,3278.05097,3
36,566.8757527,5
36,1563.376137,2
36,3278.05097,3
36,566.8757527,5
36,1563.376137,2
36,4192.464494,3
36,3529.363923,4
36,270.57331,4
36,1435.016916,5
36,3276.412764,3
36,4194.14148,3
36,3529.363923,4
36,270.57331,4
36,1347.506758,5
36,3113.764612,3
36,1089.014675,5
36,1435.016916,5
36,3277.723329,3
36,4194.14148,3
36,3529.363923,4
36,270.57331,4
36,1347.506758,5
36,3113.764612,3
36,1082.112768,5
36,1435.016916,5
36,3277.723329,3
36,3972.173125,3
36,4194.14148,3
36,3529.363923,4
36,270.57331,4
36,1347.506758,5
36,3113.764612,3
36,1066.716208,5
36,1435.016916,5
37,1069.714104,4
37,2471.632008,2
37,1742.332639,3
37,3316.132036,4
37,2096.878588,3
37,1069.714104,4
37,2471.632008,2
37,1741.986147,3
37,3316.132036,4
37,2097.08769,3
37,3720.834413,3
37,2221.686405,4
37,1069.714104,4
37,2471.632008,2
37,1741.986147,3
37,3361.563045,4
37,2091.023722,3
37,3718.974926,3
37,2221.686405,4
37,1069.714104,4
37,2471.632008,2
37,3361.563045,4
37,3720.462516,3
37,2221.686405,4
37,478.5829296,4
37,1106.344927,3
37,1069.714104,4
37,3316.132036,4
37,2780.742646,3
37,3720.462516,3
37,2221.686405,4
37,478.5829296,4
37,1106.344927,3
37,3316.132036,4
37,2780.742646,3
37,576.0810337,5
37,3720.462516,3
37,2222.575079,4
37,478.5829296,4
37,1106.344927,3
37,3329.064951,4
38,2136.621085,3
38,2925.862438,5
38,4820.165392,3
38,836.6810012,3
38,2136.621085,3
38,2925.862438,5
38,836.6810012,3
38,670.9161592,4
38,1392.820635,3
38,2136.621085,3
38,2925.862438,5
38,670.9161592,4
38,1397.263001,3
38,2135.553308,3
38,2920.896913,5
38,670.9161592,4
38,1397.263001,3
38,3807.947896,4
38,4595.606066,3
38,4759.322628,2
38,867.6612966,4
38,2136.407529,3
38,2199.994918,5
38,670.9161592,4
38,1397.263001,3
38,3807.947896,4
38,4595.606066,3
38,4759.322628,2
38,867.6612966,4
38,2199.994918,5
38,1790.188318,4
38,672.0567167,4
38,1392.404163,3
38,3809.471075,4
38,4595.606066,3
38,4759.322628,2
38,867.6612966,4
39,923.2300858,5
39,2710.158439,3
39,1689.968709,4
39,2451.468073,3
39,844.6722525,6
39,923.2300858,5
39,2710.158439,3
39,1689.968709,4
39,2451.468073,3
39,844.6722525,6
39,2710.158439,3
39,2451.468073,3
39,844.6722525,6
39,3723.754693,4
39,2708.804037,3
39,844.6722525,6
39,3723.754693,4
39,249.1130008,5
39,844.6722525,6
39,3723.754693,4
39,249.1130008,5
39,846.1081954,6
39,3723.754693,4
39,249.0133955,5
40,2691.746306,3
40,1342.360065,4
40,158.0958365,3
40,2411.206151,3
40,2627.516093,3
40,807.5182982,5
40,196.6635688,5
40,2195.189633,3
40,3199.196816,3
40,2565.195351,5
40,1589.907699,3
40,2691.746306,3
40,1342.360065,4
40,158.1115956,3
40,2410.726643,3
40,2627.516093,3
40,807.5182982,5
40,2195.189633,3
40,3199.196816,3
40,2565.195351,5
40,1589.907699,3
40,586.6115434,5
40,1406.819271,5
40,2450.583134,3
40,2691.746306,3
40,1342.360065,4
40,158.1115956,3
40,2410.726643,3
40,2627.516093,3
40,807.5182982,5
40,2195.189633,3
40,3199.196816,3
40,1589.907699,3
40,586.6115434,5
40,1406.819271,5
40,2450.583134,3
40,723.7813593,4
40,919.3427952,3
40,1891.915075,3
40,2690.401105,3
40,1342.360065,4
40,158.6158886,3
40,2410.726643,3
40,2627.516093,3
40,807.1147408,5
40,2194.092587,3
40,3199.196816,3
40,1589.907699,3
40,586.6115434,5
40,1406.819271,5
40,2450.583134,3
40,723.7813593,4
40,919.3427952,3
40,1891.915075,3
40,1829.304951,4
40,2691.477266,3
40,1342.360065,4
40,158.6158886,3
40,2627.516093,3
40,807.4375867,5
40,1589.907699,3
40,883.4380014,4
40,586.6115434,5
40,1406.819271,5
40,2450.583134,3
40,723.7813593,4
40,919.3427952,3
40,1891.915075,3
40,1829.304951,4
40,2691.477266,3
40,2627.516093,3
40,807.4375867,5
40,1589.907699,3
40,883.4380014,4
40,3502.34506,5
40,970.5209986,4
40,2034.814814,4
40,586.6115434,5
40,1406.819271,5
40,2450.583134,3
40,723.7813593,4
40,919.3427952,3
40,1891.915075,3
40,1829.304951,4
40,2691.477266,3
40,807.1147408,5
41,2088.687287,4
41,1196.805173,4
41,1499.103927,5
41,2582.964994,4
41,1196.805173,4
41,1499.103927,5
41,2582.964994,4
41,1196.805173,4
41,1499.103927,5
41,2582.964994,4
41,1196.805173,4
41,1498.35475,5
41,1196.805173,4
41,1498.954092,5
41,2250.636787,4
41,1196.805173,4
41,1498.954092,5
41,2259.41427,4
41,1196.805173,4
41,1498.954092,5
42,1399.633798,2
42,2558.244755,4
42,810.2062175,3
42,3628.809626,4
42,4133.956443,3
42,3010.803481,4
42,2663.121953,3
42,794.1117327,4
42,1399.633798,2
42,2558.244755,4
42,810.2062175,3
42,3628.809626,4
42,4133.956443,3
42,794.1117327,4
42,1056.0985,4
42,1399.633798,2
42,3628.809626,4
42,4133.956443,3
42,1055.570715,4
42,1398.934331,2
42,3626.996128,4
42,4133.956443,3
42,1055.992943,4
42,3998.014139,3
42,2491.617024,4
42,1399.493905,2
42,4133.956443,3
42,1055.992943,4
42,3998.014139,3
42,2491.617024,4
42,1399.493905,2
42,4133.956443,3
42,1055.992943,4
42,3998.014139,3
42,2495.852773,4
42,4133.956443,3
43,2983.702529,5
43,3754.989119,3
43,4841.775405,3
43,1325.333003,4
43,2984.000066,5
43,4841.775405,3
43,1325.333003,4
43,2975.371489,5
43,212.2823721,2
43,4841.775405,3
43,1325.333003,4
43,2975.371489,5
43,212.2823721,2
43,81.78662929,3
43,4841.775405,3
43,1325.333003,4
43,2990.545884,5
43,212.2823721,2
43,81.81934394,3
43,337.718894,5
43,4841.775405,3
43,1325.333003,4
43,2975.371489,5
43,212.2823721,2
43,81.81934394,3
43,337.718894,5
43,4864.047572,3
43,1325.333003,4
43,2989.058198,5
43,212.2823721,2
43,81.81934394,3
43,337.718894,5
44,1129.547178,5
44,2665.782844,4
44,3170.632041,2
44,1129.547178,5
44,2665.782844,4
44,3170.632041,2
44,1129.547178,5
44,2665.782844,4
44,3170.632041,2
44,1129.547178,5
44,3170.632041,2
44,3170.632041,2
44,3170.632041,2
45,989.6369366,3
45,2730.562246,3
45,2212.477696,4
45,1146.246215,5
45,1276.229801,4
45,1342.143873,4
45,2144.955374,5
45,375.8541652,3
45,1725.51219,3
45,2930.723142,4
45,1347.544035,4
45,3017.380483,2
45,1873.374775,3
45,576.5300224,3
45,1185.576306,3
45,71.22423397,4
45,958.6762282,3
45,1711.541785,4
45,3055.160097,4
45,999.6505799,4
45,2185.936337,4
45,989.6369366,3
45,2730.562246,3
45,2212.477696,4
45,1146.246215,5
45,1276.229801,4
45,1342.143873,4
45,2144.955374,5
45,375.8541652,3
45,1725.684259,3
45,1347.544035,4
45,3017.380483,2
45,1873.374775,3
45,576.5300224,3
45,1185.576306,3
45,71.22423397,4
45,958.6762282,3
45,1711.712461,4
45,3055.160097,4
45,999.6505799,4
45,2185.936337,4
45,989.6369366,3
45,2730.562246,3
45,2212.477696,4
45,1146.246215,5
45,1276.229801,4
45,1342.143873,4
45,2144.955374,5
45,1720.694246,3
45,3017.380483,2
45,1873.374775,3
45,576.5300224,3
45,1185.576306,3
45,71.22423397,4
45,958.6762282,3
45,1706.762849,4
45,3097.01579,4
45,999.6505799,4
45,2184.843915,4
45,1982.559744,4
45,1212.95484,4
45,989.6369366,3
45,2730.562246,3
45,2211.37201,4
45,1146.246215,5
45,1275.592005,4
45,1342.143873,4
45,2144.955374,5
45,1720.694246,3
45,576.5300224,3
45,1185.576306,3
45,71.18863965,4
45,958.1971297,3
45,1706.762849,4
45,3097.01579,4
45,2185.717853,4
45,1983.352768,4
45,1219.14091,4
45,3524.299419,3
45,989.6369366,3
45,2730.562246,3
45,2212.256558,4
45,1146.246215,5
45,1276.102242,4
45,1342.143873,4
45,71.21711511,4
45,958.5804085,3
45,1715.467339,4
45,3055.160097,4
45,2185.717853,4
45,1983.352768,4
45,1212.95484,4
45,3524.299419,3
45,989.6369366,3
45,2730.562246,3
45,2212.256558,4
45,1146.246215,5
45,1276.102242,4
45,1342.143873,4
45,1706.762849,4
45,3055.160097,4
45,2185.717853,4
45,1983.352768,4
45,1218.534433,4
45,3524.299419,3
45,1146.246215,5
45,1277.760511,4
45,1711.883137,4
45,3067.075221,4
46,2215.420655,3
46,2143.681862,4
46,2564.062544,4
46,1473.636908,3
46,7169.837964,2
46,2215.420655,3
46,2143.681862,4
46,2564.062544,4
46,1473.636908,3
46,7169.837964,2
46,2581.377495,4
46,2302.14756,4
46,2215.420655,3
46,2143.681862,4
46,2564.062544,4
46,1473.636908,3
46,2576.996601,4
46,2302.14756,4
46,2214.313498,3
46,2142.610556,4
46,2564.062544,4
46,1471.135977,3
46,2576.996601,4
46,2302.14756,4
46,400.339808,4
46,2732.919792,5
46,2215.199224,3
46,2143.467601,4
46,2564.062544,4
46,3814.232235,2
46,2576.996601,4
46,2302.14756,4
46,400.339808,4
46,2732.919792,5
46,2215.199224,3
46,2143.467601,4
46,2564.062544,4
46,3829.107741,2
46,2578.0274,4
46,2306.06121,4
46,400.339808,4
46,2743.578179,5
47,2920.100533,4
47,2493.847685,4
47,2018.65327,4
47,1055.712199,4
47,611.0648777,4
47,1611.824107,4
47,1158.69287,3
47,1558.93012,4
47,3660.264093,4
47,2920.100533,4
47,2493.847685,4
47,1055.712199,4
47,1611.824107,4
47,1158.69287,3
47,1558.93012,4
47,3660.264093,4
47,1624.477395,3
47,2920.100533,4
47,2493.847685,4
47,1055.712199,4
47,1611.824107,4
47,1158.69287,3
47,1558.93012,4
47,3658.434875,4
47,1624.477395,3
47,1055.712199,4
47,1558.93012,4
47,3659.898249,4
47,1624.477395,3
47,1558.93012,4
47,3659.898249,4
47,1624.477395,3
47,1558.93012,4
47,3659.898249,4
47,1631.949991,3
48,3534.586618,4
48,1870.313151,4
48,3204.053722,3
48,3786.353806,4
48,3534.586618,4
48,1870.313151,4
48,3204.053722,3
48,3786.353806,4
48,3534.586618,4
48,1870.313151,4
48,3204.053722,3
48,3779.927928,4
48,2410.667697,3
48,1660.485086,5
48,3779.927928,4
48,2411.631964,3
48,1702.993504,5
48,3779.927928,4
48,2411.631964,3
48,1692.200351,5
48,3781.439899,4
48,2795.776422,4
48,2411.631964,3
48,1665.466541,5
49,1136.853423,5
49,4305.066741,4
49,1836.359375,5
49,962.8696663,5
49,2675.309542,3
49,1771.049303,4
49,2245.895138,4
49,2986.220269,3
49,1051.198572,3
49,2159.501979,4
49,4305.066741,4
49,1836.359375,5
49,962.9656844,5
49,1771.049303,4
49,2245.895138,4
49,2986.220269,3
49,1051.198572,3
49,2159.501979,4
49,4305.066741,4
49,960.1811591,5
49,1771.049303,4
49,2245.895138,4
49,2981.15231,3
49,1050.673235,3
49,2158.422768,4
49,1128.332664,3
49,4297.760548,4
49,960.1811591,5
49,1770.164221,4
49,2981.15231,3
49,1051.093504,3
49,2159.286137,4
49,1128.332664,3
49,4297.760548,4
49,965.078083,5
49,1770.872287,4
49,2981.15231,3
49,1051.093504,3
49,2159.286137,4
49,1609.270485,3
49,1128.332664,3
49,4297.760548,4
49,960.1811591,5
49,1770.872287,4
49,2982.344771,3
49,1051.093504,3
49,2159.286137,4
49,1609.270485,3
49,1131.717662,3
49,964.5979924,5
49,1770.872287,4
50,1140.314154,5
50,2121.940747,3
50,4608.742726,4
50,2024.898336,2
50,2165.521787,3
50,1382.710022,5
50,385.7308349,5
50,835.8979344,4
50,449.0055274,5
50,5314.70499,3
50,1525.507825,4
50,3858.666869,2
50,2788.310152,3
50,3807.995802,2
50,2544.636367,5
50,1140.314154,5
50,2121.940747,3
50,4608.742726,4
50,2021.730101,2
50,2165.521787,3
50,1382.710022,5
50,385.7308349,5
50,835.8979344,4
50,449.0055274,5
50,5314.70499,3
50,1525.507825,4
50,3858.666869,2
50,3807.995802,2
50,2544.636367,5
50,1140.314154,5
50,2121.940747,3
50,4608.742726,4
50,2021.136057,2
50,2165.521787,3
50,1382.710022,5
50,385.7308349,5
50,835.8979344,4
50,449.0055274,5
50,5314.70499,3
50,1525.507825,4
50,2540.317826,5
50,211.2314648,5
50,1139.744282,5
50,2121.940747,3
50,4608.742726,4
50,2020.542012,2
50,2165.521787,3
50,1382.710022,5
50,385.7308349,5
50,834.4793195,4
50,449.0055274,5
50,5312.048966,3
50,1525.507825,4
50,2540.317826,5
50,211.3159573,5
50,5514.344553,3
50,2121.940747,3
50,4608.742726,4
50,1990.245763,2
50,834.4793195,4
50,449.0055274,5
50,5314.173785,3
50,1525.507825,4
50,2540.317826,5
50,5260.311602,3
50,211.3159573,5
50,5514.344553,3
50,2121.940747,3
50,4608.742726,4
50,834.4793195,4
50,449.0055274,5
50,5314.173785,3
50,1525.507825,4
50,2541.333953,5
50,5260.311602,3
50,211.3159573,5
50,5514.344553,3
50,2121.940747,3
50,4608.742726,4
50,834.8131112,4
50,449.0055274,5
50,5314.173785,3
50,1525.507825,4
51,3426.162391,5
51,1758.350381,5
51,2914.8151,4
51,2458.73758,4
51,802.1437516,4
51,2586.772802,4
51,1523.728878,4
51,1427.740527,4
51,787.5043715,2
51,1515.443373,2
51,3744.014915,3
51,3529.040212,3
51,1217.428304,5
51,1758.350381,5
51,2914.8151,4
51,802.223742,4
51,2586.772802,4
51,1523.728878,4
51,1427.740527,4
51,787.5043715,2
51,1515.443373,2
51,3744.014915,3
51,1217.428304,5
51,1768.311225,4
51,1758.350381,5
51,2914.8151,4
51,799.9040204,4
51,2586.772802,4
51,1523.728878,4
51,1427.740527,4
51,1515.443373,2
51,3744.014915,3
51,1216.819894,5
51,1765.310197,4
51,1093.381129,3
51,1758.350381,5
51,2914.8151,4
51,799.9040204,4
51,2586.772802,4
51,1523.728878,4
51,1427.740527,4
51,1217.306622,5
51,1765.310197,4
51,1093.381129,3
51,1758.350381,5
51,805.1033965,4
51,2586.772802,4
51,1523.728878,4
51,1217.306622,5
51,3632.285226,2
51,1765.310197,4
51,1093.381129,3
51,1758.350381,5
51,805.1033965,4
51,2586.772802,4
51,1523.728878,4
51,1217.306622,5
51,3646.451138,2
51,1658.474968,3
51,1766.016322,4
51,1099.285387,3
51,1758.350381,5
51,803.5835789,4
51,2586.772802,4
51,1523.728878,4
52,2607.310076,4
52,3167.780654,4
52,1536.637366,4
52,2607.310076,4
52,3167.780654,4
52,1536.637366,4
52,3114.931673,4
52,2643.030224,4
52,1536.637366,4
52,3114.931673,4
52,2369.544451,5
52,2643.030224,4
52,1535.869431,4
52,3114.931673,4
52,2370.492269,5
52,2607.310076,4
52,1536.483779,4
52,3114.931673,4
52,2370.492269,5
52,1536.483779,4
52,74.68942956,4
52,3114.931673,4
52,2373.572677,5
52,1536.483779,4
53,4544.822905,5
53,4626.22425,4
53,3783.868437,5
53,1532.610906,5
53,3711.546852,4
53,4171.873828,3
53,1558.55735,4
53,4544.822905,5
53,4626.22425,4
53,3783.868437,5
53,1532.763678,5
53,3711.546852,4
53,4171.873828,3
53,1558.55735,4
53,4544.822905,5
53,4626.22425,4
53,3783.868437,5
53,1532.763678,5
53,4171.873828,3
53,1558.55735,4
53,4623.912294,4
53,3783.868437,5
53,1537.652389,5
53,1558.55735,4
53,3637.310508,3
53,4625.761859,4
53,1558.55735,4
53,3637.310508,3
53,1558.55735,4
53,3637.310508,3
54,512.2938388,4
54,1821.536994,4
54,1821.536994,4
54,1821.536994,4
54,1821.536994,4
54,1821.536994,4
54,1821.536994,4
55,1349.652378,5
55,1562.453879,3
55,3315.704935,3
55,963.6454462,4
55,5032.330747,3
55,1562.453879,3
55,3315.704935,3
55,5032.330747,3
55,7753.823839,3
55,2241.703162,3
55,1943.131848,4
55,1562.453879,3
55,3315.704935,3
55,5032.330747,3
55,7740.664709,3
55,2240.582871,3
55,1943.131848,4
55,2862.845716,2
55,1078.716374,4
55,1562.453879,3
55,3315.704935,3
55,7740.664709,3
55,2241.479104,3
55,1943.131848,4
55,2862.845716,2
55,1074.846925,4
55,2987.156649,3
55,1562.453879,3
55,2565.143178,5
55,676.5383502,4
55,7740.664709,3
55,2241.479104,3
55,1943.131848,4
55,2862.845716,2
55,1074.846925,4
55,2971.999451,3
55,1562.453879,3
55,2565.143178,5
55,679.6504266,4
55,2159.686154,3
55,7743.760975,3
55,2241.479104,3
55,1943.131848,4
55,2862.845716,2
55,1075.276864,4
55,2985.670649,3
55,1562.453879,3
56,2048.389561,4
56,795.3280005,3
56,4196.462121,4
56,1508.467866,5
56,2123.671645,3
56,263.740228,3
56,2048.389561,4
56,795.3280005,3
56,1508.467866,5
56,2123.671645,3
56,263.740228,3
56,2048.389561,4
56,795.3280005,3
56,2123.671645,3
56,263.740228,3
56,6.643453376,4
56,2048.389561,4
56,795.3280005,3
56,263.740228,3
56,6.643453376,4
56,765.5355314,2
56,2048.389561,4
56,795.3280005,3
56,263.740228,3
56,6.643453376,4
56,765.5355314,2
56,2048.389561,4
56,263.740228,3
56,1898.071927,5
56,2611.924159,3
56,6.674013262,4
56,769.0569948,2
56,264.1885864,3
57,4056.345421,4
57,1158.161542,5
57,2405.159344,4
57,4320.11197,4
57,2864.442556,3
57,4353.758276,5
57,4056.345421,4
57,1158.161542,5
57,4320.11197,4
57,2864.442556,3
57,4353.758276,5
57,4056.345421,4
57,1158.161542,5
57,4320.11197,4
57,2864.442556,3
57,4351.582485,5
57,4054.318262,4
57,1158.161542,5
57,4317.952994,4
57,2864.442556,3
57,4353.323118,5
57,1497.4418,3
57,1158.161542,5
57,4319.680175,4
57,2864.442556,3
57,4353.323118,5
57,3434.800922,4
57,1497.4418,3
57,1158.161542,5
57,4319.680175,4
57,2864.442556,3
57,4353.323118,5
57,3434.800922,4
57,1497.4418,3
57,1163.489086,5
57,4319.680175,4
58,4042.708705,4
58,4637.71836,3
58,4042.708705,4
58,4637.71836,3
58,4042.708705,4
58,4637.71836,3
58,1929.192495,3
58,4042.708705,4
58,4637.71836,3
58,1929.964172,3
58,4042.708705,4
58,4637.71836,3
58,4558.415889,2
58,1077.552783,3
58,1929.964172,3
58,4637.71836,3
58,4572.091137,2
58,1081.755239,3
58,1207.553085,4
58,1932.472122,3
59,2598.597769,4
59,3253.755862,2
59,52.01180508,3
59,2598.597769,4
59,3253.755862,2
59,52.01180508,3
59,2818.403722,5
59,3253.755862,2
59,52.01180508,3
59,2818.403722,5
59,3253.755862,2
59,52.01180508,3
59,2818.403722,5
59,3253.755862,2
59,52.01180508,3
59,1822.290335,3
59,2818.403722,5
59,52.01180508,3
59,1822.290335,3
59,2818.403722,5
60,213.2001607,5
60,1071.420749,4
60,3057.587831,4
60,1899.411321,5
60,1667.611475,5
60,213.2214212,5
60,3057.587831,4
60,1899.411321,5
60,1667.611475,5
60,212.6048671,5
60,3057.587831,4
60,1899.411321,5
60,1667.611475,5
60,1491.075334,4
60,212.6048671,5
60,1667.611475,5
60,1491.671764,4
60,1667.611475,5
60,1491.671764,4
60,1667.611475,5
60,1491.671764,4
61,1461.417536,3
61,2742.820912,5
61,2647.838998,3
61,1461.417536,3
61,2742.820912,5
61,2647.838998,3
61,1461.417536,3
61,2742.820912,5
61,2647.838998,3
61,2482.879862,3
61,1460.687192,3
61,2482.879862,3
61,1461.271467,3
61,2482.879862,3
61,2483.873014,3
62,5169.591146,4
62,2796.082272,4
62,5169.591146,4
62,2796.082272,4
62,5167.007642,4
62,2796.082272,4
62,3091.712053,4
62,5169.074445,4
62,2796.082272,4
62,3091.712053,4
62,1919.273731,4
62,5169.074445,4
62,2796.082272,4
62,3091.712053,4
62,1919.273731,4
62,5169.074445,4
62,2796.082272,4
62,3091.712053,4
62,1919.273731,4
63,2253.975307,4
63,2253.975307,4
63,2253.975307,4
63,2252.848882,4
63,1983.263922,3
63,2253.750022,4
63,1983.263922,3
63,2253.750022,4
63,1983.263922,3
65,3926.566791,4
65,924.2498979,5
65,2740.035289,5
65,3263.901736,4
65,605.7953373,5
65,615.6272083,3
65,3110.688472,4
65,2740.035289,5
65,3263.901736,4
65,605.7953373,5
65,615.6272083,3
65,3110.998672,4
65,2777.573772,5
65,3263.901736,4
65,605.7953373,5
65,615.6272083,3
65,3102.002864,4
65,4562.842277,4
65,2777.573772,5
65,3258.362519,4
65,605.492591,5
65,615.3195486,3
65,3102.002864,4
65,4562.842277,4
65,3032.107073,4
65,605.734788,5
65,615.5656764,3
65,3117.823078,4
65,4562.842277,4
65,3032.107073,4
65,605.734788,5
65,615.5656764,3
65,3102.002864,4
65,4562.842277,4
65,3032.107073,4
65,605.492591,5
65,615.5656764,3
66,847.0062674,5
66,847.0062674,5
66,847.0062674,5
66,847.0062674,5
66,847.0062674,5
66,1185.456805,3
66,847.0062674,5
66,1185.456805,3
67,350.7653136,5
67,356.1999012,5
67,350.7653136,5
67,356.1999012,5
67,350.7653136,5
67,356.0218902,5
67,350.7653136,5
67,356.164299,5
67,350.7653136,5
67,356.164299,5
67,350.7653136,5
67,356.6271274,5
69,3244.916634,4
69,3244.916634,4
69,3244.916634,4
69,3415.128303,4
69,3415.128303,4
69,3415.128303,4
69,16.27008819,4
69,3416.494354,4
70,3018.669458,2
70,5666.517628,5
70,3913.792997,3
70,3144.45451,3
70,5115.96198,3
70,2359.13467,5
70,4636.673141,4
70,1504.190316,4
70,1235.772611,4
70,3018.669458,2
70,5667.082697,5
70,3914.183284,3
70,3144.767953,3
70,5115.96198,3
70,2359.13467,5
70,4636.673141,4
70,1504.190316,4
70,3018.669458,2
70,5650.69568,5
70,3902.864975,3
70,3144.767953,3
70,5115.96198,3
70,2359.13467,5
70,4636.673141,4
70,2558.856531,4
70,3018.669458,2
70,5650.69568,5
70,3902.864975,3
70,3154.798111,3
70,5115.96198,3
70,2359.13467,5
70,4634.355963,4
70,2558.856531,4
70,2183.621603,3
70,1117.639252,2
70,3018.669458,2
70,3922.769587,3
70,3150.409917,3
70,2359.13467,5
70,4636.209705,4
70,2558.856531,4
70,2183.621603,3
70,1117.639252,2
70,3018.669458,2
70,2359.13467,5
70,4636.209705,4
70,2558.856531,4
70,2183.621603,3
70,1117.639252,2
70,3027.725467,2
70,2369.986689,5
70,4636.209705,4
72,2822.778456,3
72,2822.778456,3
72,2822.778456,3
72,2536.042451,4
72,2536.042451,4
72,2485.423216,4
72,2536.042451,4
73,2891.990077,3
73,2891.990077,3
73,2891.990077,3
73,2891.990077,3
73,2891.990077,3
75,5459.215929,3
75,4198.422594,3
75,5450.674226,3
75,5449.072657,3
75,5447.471087,3
75,5338.564374,3
75,5338.564374,3
78,1522.884675,4
78,1519.733569,4
78,1505.928722,4
78,1501.127036,4
78,1501.127036,4
78,1501.127036,4
79,2160.954183,5
80,1480.564312,3
80,1483.634203,3
80,1480.564312,3
80,1467.115268,3
81,2910.810415,4
81,2910.810415,4
81,2910.810415,4
81,2915.758793,4
82,2163.435433,3
82,2163.435433,3
82,2163.435433,3
82,2163.435433,3
83,3849.306231,3
83,3849.306231,3
83,3849.306231,3
83,3849.306231,3
83,3849.306231,3
83,3855.850052,3
85,995.6941661,4
85,836.3960551,3
85,1583.029121,3
85,995.6941661,4
85,836.3960551,3
85,1583.029121,3
85,1009.335176,4
85,836.3960551,3
85,1583.029121,3
85,1009.335176,4
85,1583.029121,3
85,995.6941661,4
87,1442.161558,4
87,744.8757595,5
87,1442.161558,4
87,744.8757595,5
87,4387.726526,4
87,1441.440837,4
87,744.5035078,5
87,4387.726526,4
87,1442.017414,4
87,744.8013092,5
87,4387.726526,4
87,1442.017414,4
87,744.8013092,5
87,4387.726526,4
87,1442.017414,4
87,745.7691637,5
87,4387.726526,4
90,2656.852185,3
90,2656.852185,3
90,2656.852185,3
90,2655.524422,3
105,7780.578261,2
105,7780.578261,2
105,7780.578261,2
105,7780.578261,2
105,7780.578261,2